<?xml version="1.0" encoding="UTF-8"?>
<custombutton xmlns:cb="http://xsms.nm.ru/custombuttons/"
              xmlns:html="http://www.w3.org/1999/xhtml">
  <html:head>
    <html:title><![CDATA[Blank Tab]]></html:title>
    <html:link rel="shortcut icon" href=""/>
    <html:style type="text/css"><![CDATA[body { font-size: medium; margin: 0; }
body, code:before, help:before, initcode:before {
  font-family: "Verdana", sans-serif;
}
#wrapper { position: fixed; top: 1em; right: 1em; text-align: center; }
p { font-size: small; text-align: center; }
#button {
  background-color: rgb(85, 168, 2);
  background-image: linear-gradient(to bottom, rgb(147, 200, 94), rgb(85, 168, 2));
  background-image: -moz-linear-gradient(top, rgb(147, 200, 94), rgb(85, 168, 2));
  background-image: -o-linear-gradient(top, rgb(147, 200, 94), rgb(85, 168, 2));
  background-image: -webkit-linear-gradient(top, rgb(147, 200, 94), rgb(85, 168, 2));
  border: 1px solid rgb(58, 116, 4);
  border-radius: .5em;
  -moz-border-radius: .5em;
  -webkit-border-radius: .5em;
  padding: 0;
  margin-bottom: 1em;
  box-shadow: 1px 2px 3px rgba(0, 0, 0, .25);
  -moz-box-shadow: 1px 2px 3px rgba(0, 0, 0, .25);
  -o-box-shadow: 1px 2px 3px rgba(0, 0, 0, .25);
  -webkit-box-shadow: 1px 2px 3px rgba(0, 0, 0, .25);
}
#button a {
  color: #000;
  text-shadow: -1pt -1px 0pt rgba(255, 255, 255, .5);
  padding: 1em;
  text-decoration: none;
}
#button a, code, code:before, initcode, initcode:before, help, help:before {
  display: block;
}
#credits { position: fixed; bottom: 1em; right: 1em; font-size: small; }
custombutton { background-color: rgb(171, 171, 171); margin: 1em; }
date, image, mode, accelkey { display: none; }
name { font-weight: bold; font-size: x-large; }
code:before, help:before, initcode:before {
  font-weight: bold;
  font-size: large;
  margin: 0 0 1em;
  padding: .5em;
}
code:before { content: "CODE"; }
help:before { content: "Help"; }
initcode:before { content: "Initialization Code"; }
code, initcode, help {
  background-color: rgb(255, 255, 255);
  border: 1px inset rgb(170, 170, 170);
  font: medium monospace;
  margin: 1em 1em 2em 0;
  padding: 1em;
  text-align: left;
  width: 840px;
  white-space: pre-wrap;
  word-wrap: break-word;
}
.clear { clear: both; }
]]></html:style>
  </html:head>
  <html:body>
    <html:div id="wrapper">
      <html:div id="button">
        <html:a href="custombutton://%3C%3Fxml%20version%3D%221.0%22%20encoding%3D%22UTF-8%22%3F%3E%0D%0A%3Ccustombutton%20xmlns%3Acb%3D%22http%3A//xsms.nm.ru/custombuttons/%22%3E%0A%20%20%3Cname%3EBlank%20Tab%3C/name%3E%0A%20%20%3Cimage%3E%3C%21%5BCDATA%5Bcustombuttons-stdicon-1%5D%5D%3E%3C/image%3E%0A%20%20%3Cmode%3E0%3C/mode%3E%0A%20%20%3Cinitcode%3E%3C%21%5BCDATA%5Bfunction%20%24anon%28aNode%2C%20aAttribute%2C%20aValue%29%20%7B%0A%20%20return%20document.getAnonymousElementByAttribute%28aNode%2C%20aAttribute%2C%20aValue%29%3B%0A%7D%0A%0Athis.blankTab%20%3D%20function%20blankTab%28aTab%29%20%7B%0A%20%20var%20label%20%3D%20%24anon%28aTab%2C%20%22class%22%2C%20%22tab-text%22%29%20%7C%7C%20//%20Firefox%203.6.*%0A%20%20%20%20%20%20%20%20%20%20%20%20%20%20%24anon%28aTab%2C%20%22class%22%2C%20%22tab-text%20tab-label%22%29%3B%20//%20Firefox%204+%0A%0A%20%20var%20icon%20%3D%20document.getAnonymousElementByAttribute%28aTab%2C%20%22class%22%2C%0A%20%20%20%20%20%20%20%20%20%20%20%20%20%20%20%20%20%20%20%20%20%20%20%20%20%20%20%20%20%20%20%20%20%20%20%20%20%20%20%20%20%20%20%20%20%20%20%20%20%20%20%20%20%22tab-icon-image%22%29%3B%0A%0A%20%20if%20%28icon.hasAttribute%28%22original_src%22%29%29%20%7B%0A%20%20%20%20icon.setAttribute%28%22src%22%2C%20icon.getAttribute%28%22original_src%22%29%29%3B%0A%20%20%20%20icon.removeAttribute%28%22original_src%22%29%3B%0A%20%20%20%20label.removeAttribute%28%22hidden%22%29%3B%0A%20%20%7D%20else%20%7B%0A%20%20%20%20icon.setAttribute%28%22original_src%22%2C%20icon.getAttribute%28%22src%22%29%29%3B%0A%20%20%20%20icon.removeAttribute%28%22src%22%29%3B%0A%20%20%20%20label.hidden%20%3D%20true%3B%0A%20%20%7D%0A%7D%0A%0Athis.onclick%20%3D%20function%20onclick%28aEvent%29%20%7B%0A%20%20if%20%28aEvent.button%20%21%3D%201%29%20return%3B%0A%20%20var%20tabs%20%3D%20gBrowser.tabs%3B%0A%20%20for%20%28var%20i%20%3D%200%3B%20i%20%3C%20tabs.length%3B%20i++%29%20%7B%0A%20%20%20%20this.blankTab%28tabs%5Bi%5D%29%3B%0A%20%20%7D%0A%7D%0A%0Athis.tooltipText%20%3D%20this.Help%3B%0A%0A%5D%5D%3E%3C/initcode%3E%0A%20%20%3Ccode%3E%3C%21%5BCDATA%5Bthis.blankTab%28gBrowser.mCurrentTab%29%3B%5D%5D%3E%3C/code%3E%0A%20%20%3Caccelkey%3E%3C%21%5BCDATA%5B%5D%5D%3E%3C/accelkey%3E%0A%20%20%3Chelp%3E%3C%21%5BCDATA%5B%0ALeft-click%3A%20blank%20current%20tab%0A%0AMiddle-click%3A%20blank%20all%20tabs%0A%0A%5D%5D%3E%3C/help%3E%0A%20%20%3Cattributes/%3E%0A%3C/custombutton%3E" rel="nofollow" title="Install Blank Tab">
        <![CDATA[Install this button]]>
        </html:a>
      </html:div>
      <html:a href="https://addons.mozilla.org/addon/custom-buttons/?src=custom-buttons-xml">
        <![CDATA[What's this?]]>
      </html:a>
      <html:div id="credits">
        <html:a href="http://custombuttons.sourceforge.net/forum/viewtopic.php?t=78#p197">
          <![CDATA[Custom Buttons XML]]><html:br/><![CDATA[Exporter/Importer]]>
        </html:a>
      </html:div>
    </html:div>
  </html:body>
  <date id="date" value="20120329"/>
  <name>Blank Tab</name>
  <image><![CDATA[custombuttons-stdicon-1]]></image>
  <mode>0</mode>
  <initcode><![CDATA[function $anon(aNode, aAttribute, aValue) {
  return document.getAnonymousElementByAttribute(aNode, aAttribute, aValue);
}

this.blankTab = function blankTab(aTab) {
  var label = $anon(aTab, "class", "tab-text") || // Firefox 3.6.*
              $anon(aTab, "class", "tab-text tab-label"); // Firefox 4+

  var icon = document.getAnonymousElementByAttribute(aTab, "class",
                                                     "tab-icon-image");

  if (icon.hasAttribute("original_src")) {
    icon.setAttribute("src", icon.getAttribute("original_src"));
    icon.removeAttribute("original_src");
    label.removeAttribute("hidden");
  } else {
    icon.setAttribute("original_src", icon.getAttribute("src"));
    icon.removeAttribute("src");
    label.hidden = true;
  }
}

this.onclick = function onclick(aEvent) {
  if (aEvent.button != 1) return;
  var tabs = gBrowser.tabs;
  for (var i = 0; i < tabs.length; i++) {
    this.blankTab(tabs[i]);
  }
}

this.tooltipText = this.Help;

]]></initcode>
  <code><![CDATA[this.blankTab(gBrowser.mCurrentTab);]]></code>
  <accelkey><![CDATA[]]></accelkey>
  <help><![CDATA[
Left-click: blank current tab

Middle-click: blank all tabs

]]></help>
  <attributes/>
</custombutton>