<?xml version="1.0" encoding="UTF-8"?>
<custombutton xmlns:cb="http://xsms.nm.ru/custombuttons/"
              xmlns:html="http://www.w3.org/1999/xhtml">
  <html:head>
    <html:title><![CDATA[Browser Cache Settings]]></html:title>
    <html:link rel="shortcut icon" href=""/>
    <html:style type="text/css"><![CDATA[
body { font-size: medium; margin: 0; }
body, code:before, help:before, initcode:before {
  font-family: "Verdana", sans-serif;
}
#wrapper { position: fixed; top: 1em; right: 1em; text-align: center; }
p { font-size: small; text-align: center; }
#button {
  background-color: rgb(85, 168, 2);
  background-image: linear-gradient(to bottom, rgb(147, 200, 94), rgb(85, 168, 2));
  background-image: -moz-linear-gradient(top, rgb(147, 200, 94), rgb(85, 168, 2));
  background-image: -o-linear-gradient(top, rgb(147, 200, 94), rgb(85, 168, 2));
  background-image: -webkit-linear-gradient(top, rgb(147, 200, 94), rgb(85, 168, 2));
  border: 1px solid rgb(58, 116, 4);
  border-radius: .5em;
  -moz-border-radius: .5em;
  -webkit-border-radius: .5em;
  padding: 0;
  margin-bottom: 1em;
  box-shadow: 1px 2px 3px rgba(0, 0, 0, .25);
  -moz-box-shadow: 1px 2px 3px rgba(0, 0, 0, .25);
  -o-box-shadow: 1px 2px 3px rgba(0, 0, 0, .25);
  -webkit-box-shadow: 1px 2px 3px rgba(0, 0, 0, .25);
}
#button a {
  color: #000;
  text-shadow: -1pt -1px 0pt rgba(255, 255, 255, .5);
  padding: 1em;
  text-decoration: none;
}
:-moz-any-link:focus {
  color: white;
  outline-color: transparent;
  text-decoration: none;
}
#button a, code, code:before, initcode, initcode:before, help, help:before {
  display: block;
}
#credits { position: fixed; bottom: 1em; right: 1em; font-size: small; }
custombutton { background-color: rgb(171, 171, 171); margin: 1em; }
date, image, mode, accelkey { display: none; }
name { font-weight: bold; font-size: x-large; }
code:before, help:before, initcode:before {
  font-weight: bold;
  font-size: large;
  margin: 0 0 1em;
  padding: .5em;
}
code:before { content: "CODE"; }
help:before { content: "Help"; }
initcode:before { content: "Initialization Code"; }
code, initcode, help {
  background-color: rgb(255, 255, 255);
  border: 1px inset rgb(170, 170, 170);
  font: medium monospace;
  margin: 1em 1em 2em 0;
  padding: 1em;
  text-align: left;
  width: 840px;
  white-space: pre-wrap;
  word-wrap: break-word;
}
.clear { clear: both; }
]]></html:style>
  </html:head>
  <html:body>
    <html:div id="wrapper">
      <html:div id="button">
        <html:a href="custombutton://%3C%3Fxml%20version%3D%221.0%22%20encoding%3D%22UTF-8%22%3F%3E%0D%0A%3Ccustombutton%20xmlns%3Acb%3D%22http%3A//xsms.nm.ru/custombuttons/%22%3E%0A%20%20%3Cname%3EBrowser%20Cache%20Settings%3C/name%3E%0A%20%20%3Cimage%3E%3C%21%5BCDATA%5Bcustombuttons-stdicon-2%5D%5D%3E%3C/image%3E%0A%20%20%3Cmode%3E0%3C/mode%3E%0A%20%20%3Cinitcode%3E%3C%21%5BCDATA%5Bvar%20pref%20%3D%20cbu.ps.getBranch%28%22browser.cache.%22%29%3B%0Afunction%20setPref%28b%29%20%7B%0A%20%20pref.setBoolPref%28%22disk.enable%22%2C%20b%29%3B%0A%20%20pref.setBoolPref%28%22disk_cache_ssl%22%2C%20b%29%3B%0A%20%20pref.setBoolPref%28%22memory.enable%22%2C%20b%29%3B%0A%7D%0Athis.onclick%20%3D%20function%20onclick%28e%29%20%7B%0A%20%20switch%20%28e.button%29%20%7B%0A%20%20%20%20case%200%3A%20setPref%28false%29%3B%20break%3B%0A%20%20%20%20case%201%3A%20setPref%28true%29%3B%0A%20%20%20%20default%3A%0A%20%20%7D%0A%7D%0Athis.tooltipText%20%3D%20this.Help%3B%5D%5D%3E%3C/initcode%3E%0A%20%20%3Ccode%3E%3C%21%5BCDATA%5B/*CODE*/%5D%5D%3E%3C/code%3E%0A%20%20%3Caccelkey%3E%3C%21%5BCDATA%5B%5D%5D%3E%3C/accelkey%3E%0A%20%20%3Chelp%3E%3C%21%5BCDATA%5BKlik%20kiri%3A%0A-%20browser.cache.disk.enable%20%20%20%20%3D%20false%0A-%20browser.cache.disk_cache_ssl%20%3D%20false%0A-%20browser.cache.memory.enable%20%20%3D%20false%0A%0AKlik%20tengah%3A%0A-%20browser.cache.disk.enable%20%20%20%20%3D%20true%0A-%20browser.cache.disk_cache_ssl%20%3D%20true%0A-%20browser.cache.memory.enable%20%20%3D%20true%0A%5D%5D%3E%3C/help%3E%0A%20%20%3Cattributes/%3E%0A%3C/custombutton%3E" rel="nofollow" title="Install Browser Cache Settings">
        <![CDATA[Install this button]]>
        </html:a>
      </html:div>
      <html:a href="https://addons.mozilla.org/addon/custom-buttons/?src=external-custombuttons-xml">
        <![CDATA[What's this?]]>
      </html:a>
      <html:div id="credits">
        <html:a href="http://custombuttons.sourceforge.net/forum/viewtopic.php?t=78#p197">
          <![CDATA[Custom Buttons XML]]><html:br/><![CDATA[Exporter/Importer]]>
        </html:a>
      </html:div>
    </html:div>
  </html:body>
  <name>Browser Cache Settings</name>
  <image><![CDATA[custombuttons-stdicon-2]]></image>
  <mode>0</mode>
  <initcode><![CDATA[var pref = cbu.ps.getBranch("browser.cache.");
function setPref(b) {
  pref.setBoolPref("disk.enable", b);
  pref.setBoolPref("disk_cache_ssl", b);
  pref.setBoolPref("memory.enable", b);
}
this.onclick = function onclick(e) {
  switch (e.button) {
    case 0: setPref(false); break;
    case 1: setPref(true);
    default:
  }
}
this.tooltipText = this.Help;]]></initcode>
  <code><![CDATA[/*CODE*/]]></code>
  <accelkey><![CDATA[]]></accelkey>
  <help><![CDATA[Klik kiri:
- browser.cache.disk.enable    = false
- browser.cache.disk_cache_ssl = false
- browser.cache.memory.enable  = false

Klik tengah:
- browser.cache.disk.enable    = true
- browser.cache.disk_cache_ssl = true
- browser.cache.memory.enable  = true
]]></help>
  <attributes/>
</custombutton>