<?xml version="1.0" encoding="UTF-8"?>
<custombutton xmlns:cb="http://xsms.nm.ru/custombuttons/"
              xmlns:html="http://www.w3.org/1999/xhtml">
  <html:head>
    <html:title><![CDATA[custom tooltip example]]></html:title>
    <html:link rel="shortcut icon" href=""/>
    <html:style type="text/css"><![CDATA[body { font-size: medium; margin: 0; }
body, code:before, help:before, initcode:before {
  font-family: "Verdana", sans-serif;
}
#wrapper { position: fixed; top: 1em; right: 1em; text-align: center; }
p { font-size: small; text-align: center; }
#button {
  background-color: rgb(85, 168, 2);
  background-image: linear-gradient(to bottom, rgb(147, 200, 94), rgb(85, 168, 2));
  background-image: -moz-linear-gradient(top, rgb(147, 200, 94), rgb(85, 168, 2));
  background-image: -o-linear-gradient(top, rgb(147, 200, 94), rgb(85, 168, 2));
  background-image: -webkit-linear-gradient(top, rgb(147, 200, 94), rgb(85, 168, 2));
  border: 1px solid rgb(58, 116, 4);
  border-radius: .5em;
  -moz-border-radius: .5em;
  -webkit-border-radius: .5em;
  padding: 0;
  margin-bottom: 1em;
  box-shadow: 1px 2px 3px rgba(0, 0, 0, .25);
  -moz-box-shadow: 1px 2px 3px rgba(0, 0, 0, .25);
  -o-box-shadow: 1px 2px 3px rgba(0, 0, 0, .25);
  -webkit-box-shadow: 1px 2px 3px rgba(0, 0, 0, .25);
}
#button a {
  color: #000;
  text-shadow: -1pt -1px 0pt rgba(255, 255, 255, .5);
  padding: 1em;
  text-decoration: none;
}
#button a, code, code:before, initcode, initcode:before, help, help:before {
  display: block;
}
#credits { position: fixed; bottom: 1em; right: 1em; font-size: small; }
custombutton { background-color: rgb(171, 171, 171); margin: 1em; }
date, image, mode, accelkey { display: none; }
name { font-weight: bold; font-size: x-large; }
code:before, help:before, initcode:before {
  font-weight: bold;
  font-size: large;
  margin: 0 0 1em;
  padding: .5em;
}
code:before { content: "CODE"; }
help:before { content: "Help"; }
initcode:before { content: "Initialization Code"; }
code, initcode, help {
  background-color: rgb(255, 255, 255);
  border: 1px inset rgb(170, 170, 170);
  font: medium monospace;
  margin: 1em 1em 2em 0;
  padding: 1em;
  text-align: left;
  width: 840px;
  white-space: pre-wrap;
  word-wrap: break-word;
}
.clear { clear: both; }
]]></html:style>
  </html:head>
  <html:body>
    <html:div id="wrapper">
      <html:div id="button">
        <html:a href="custombutton://%3C%3Fxml%20version%3D%221.0%22%20encoding%3D%22UTF-8%22%3F%3E%0D%0A%3Ccustombutton%20xmlns%3Acb%3D%22http%3A//xsms.nm.ru/custombuttons/%22%3E%0A%20%20%3Cname%3Ecustom%20tooltip%20example%3C/name%3E%0A%20%20%3Cimage%3E%3C%21%5BCDATA%5Bcustombuttons-stdicon-2%5D%5D%3E%3C/image%3E%0A%20%20%3Cmode%3E0%3C/mode%3E%0A%20%20%3Cinitcode%3E%3C%21%5BCDATA%5Bthis.appendChild%28cbu.makeXML%28%3Ctooltip%20xmlns%3D%7Bxulns%7D%0A%20%20%20%20%20%20%20%20%20%20%20%20%20%20%20%20%20%20%20%20%20%20%20%20%20%20%20%20%20%20%20%20%20%20%20%20%20%20id%3D%7Bthis.id%20+%20%22-tooltip%22%7D%3E%0A%20%20%20%20%20%20%20%20%20%20%20%20%20%20%20%20%20%20%20%20%20%20%20%20%20%20%20%20%20%20%20%3Cimage%20src%3D%22http%3A//i.imgur.com/kkxA4.jpg%22/%3E%0A%20%20%20%20%20%20%20%20%20%20%20%20%20%20%20%20%20%20%20%20%20%20%20%20%20%20%20%20%20%3C/tooltip%3E%29%29%3B%0Athis.removeAttribute%28%22tooltiptext%22%29%3B%0Athis.tooltip%20%3D%20this.id%20+%20%22-tooltip%22%3B%5D%5D%3E%3C/initcode%3E%0A%20%20%3Ccode%3E%3C%21%5BCDATA%5B%5D%5D%3E%3C/code%3E%0A%20%20%3Caccelkey%3E%3C%21%5BCDATA%5B%5D%5D%3E%3C/accelkey%3E%0A%20%20%3Chelp%3E%3C%21%5BCDATA%5B%5D%5D%3E%3C/help%3E%0A%20%20%3Cattributes/%3E%0A%3C/custombutton%3E" rel="nofollow" title="Install custom tooltip example">
        <![CDATA[Install this button]]>
        </html:a>
      </html:div>
      <html:a href="https://addons.mozilla.org/addon/custom-buttons/?src=custom-buttons-xml">
        <![CDATA[What's this?]]>
      </html:a>
      <html:div id="credits">
        <html:a href="http://custombuttons.sourceforge.net/forum/viewtopic.php?t=78#p197">
          <![CDATA[Custom Buttons XML]]><html:br/><![CDATA[Exporter/Importer]]>
        </html:a>
      </html:div>
    </html:div>
  </html:body>
  <date id="date" value="20120329"/>
  <name>custom tooltip example</name>
  <image><![CDATA[custombuttons-stdicon-2]]></image>
  <mode>0</mode>
  <initcode><![CDATA[this.appendChild(cbu.makeXML(<tooltip xmlns={xulns}
                                      id={this.id + "-tooltip"}>
                               <image src="http://i.imgur.com/kkxA4.jpg"/>
                             </tooltip>));
this.removeAttribute("tooltiptext");
this.tooltip = this.id + "-tooltip";]]></initcode>
  <code><![CDATA[]]></code>
  <accelkey><![CDATA[]]></accelkey>
  <help><![CDATA[]]></help>
  <attributes/>
</custombutton>