<?xml version="1.0" encoding="UTF-8"?>
<custombutton xmlns:cb="http://xsms.nm.ru/custombuttons/"
              xmlns:html="http://www.w3.org/1999/xhtml">
  <html:head>
    <html:title><![CDATA[Get Button's Name example]]></html:title>
    <html:link rel="shortcut icon" href=""/>
    <html:style type="text/css"><![CDATA[body { font-size: medium; margin: 0; }
body, code:before, help:before, initcode:before {
  font-family: "Verdana", sans-serif;
}
#wrapper { position: fixed; top: 1em; right: 1em; text-align: center; }
p { font-size: small; text-align: center; }
#button {
  background-color: rgb(85, 168, 2);
  background-image: linear-gradient(to bottom, rgb(147, 200, 94), rgb(85, 168, 2));
  background-image: -moz-linear-gradient(top, rgb(147, 200, 94), rgb(85, 168, 2));
  background-image: -o-linear-gradient(top, rgb(147, 200, 94), rgb(85, 168, 2));
  background-image: -webkit-linear-gradient(top, rgb(147, 200, 94), rgb(85, 168, 2));
  border: 1px solid rgb(58, 116, 4);
  border-radius: .5em;
  -moz-border-radius: .5em;
  -webkit-border-radius: .5em;
  padding: 0;
  margin-bottom: 1em;
  box-shadow: 1px 2px 3px rgba(0, 0, 0, .25);
  -moz-box-shadow: 1px 2px 3px rgba(0, 0, 0, .25);
  -o-box-shadow: 1px 2px 3px rgba(0, 0, 0, .25);
  -webkit-box-shadow: 1px 2px 3px rgba(0, 0, 0, .25);
}
#button a {
  color: #000;
  text-shadow: -1pt -1px 0pt rgba(255, 255, 255, .5);
  padding: 1em;
  text-decoration: none;
}
#button a, code, code:before, initcode, initcode:before, help, help:before {
  display: block;
}
#credits { position: fixed; bottom: 1em; right: 1em; font-size: small; }
custombutton { background-color: rgb(171, 171, 171); margin: 1em; }
date, image, mode, accelkey { display: none; }
name { font-weight: bold; font-size: x-large; }
code:before, help:before, initcode:before {
  font-weight: bold;
  font-size: large;
  margin: 0 0 1em;
  padding: .5em;
}
code:before { content: "CODE"; }
help:before { content: "Help"; }
initcode:before { content: "Initialization Code"; }
code, initcode, help {
  background-color: rgb(255, 255, 255);
  border: 1px inset rgb(170, 170, 170);
  font: medium monospace;
  margin: 1em 1em 2em 0;
  padding: 1em;
  text-align: left;
  width: 840px;
  white-space: pre-wrap;
  word-wrap: break-word;
}
.clear { clear: both; }
]]></html:style>
  </html:head>
  <html:body>
    <html:div id="wrapper">
      <html:div id="button">
        <html:a href="custombutton://%3C%3Fxml%20version%3D%221.0%22%20encoding%3D%22UTF-8%22%3F%3E%0D%0A%3Ccustombutton%20xmlns%3Acb%3D%22http%3A//xsms.nm.ru/custombuttons/%22%3E%0A%20%20%3Cname%3EGet%20Button%27s%20Name%20example%3C/name%3E%0A%20%20%3Cimage%3E%3C%21%5BCDATA%5Bcustombuttons-stdicon-3%5D%5D%3E%3C/image%3E%0A%20%20%3Cmode%3E0%3C/mode%3E%0A%20%20%3Cinitcode%3E%3C%21%5BCDATA%5B/*Initialization%20Code*/%5D%5D%3E%3C/initcode%3E%0A%20%20%3Ccode%3E%3C%21%5BCDATA%5Bvar%20btnURI%20%3D%20readFromClipboard%28%29%3B%0A%0Aif%20%28%21btnURI%20%7C%7C%20%21/%5Ecustombutton%5C%3A%5C/%5C//.test%28btnURI%29%29%20%7B%0A%20%20alert%28%22Invalid%20button%20URI%21%22%29%3B%0A%20%20return%3B%0A%7D%0A%0Avar%20cbxml%20%3D%20decodeURIComponent%28readFromClipboard%28%29%29%3B%0Acbxml%20%3D%20cbxml.match%28/%5C%3Cname%5C/%3F.+/%29.toString%28%29%3B%0Aif%20%28/%5C%3Cname%5C/%5C%3E/.test%28cbxml%29%29%20%7B%0A%20%20alert%28%22This%20button%20doesn%27t%20have%20a%20name.%22%29%3B%0A%7D%20else%20%7B%0A%20%20cbxml%20%3D%20cbxml.replace%28/%5C%3C%5C/%3F%5Cw+%5C%3E/g%2C%20%22%22%29.toString%28%29%3B%0A%20%20alert%28cbxml%29%3B%0A%7D%0A%0A/*%20*%20*%20*%20*%20*%20*%20*%20*%20*%20*%20*%20*%20*%20*%20*%20*%20*%20*%20*%20*%0A%20%20%20How%20to%20use%20this%20button%3A%0A%20%20%201.%20Right%20click%20on%20any%20custom%20buttons%0A%20%20%202.%20Select%20%27Copy%20to%20clipboard%27%0A%20%20%203.%20Click%20THIS%20button%0A%20*%20*%20*%20*%20*%20*%20*%20*%20*%20*%20*%20*%20*%20*%20*%20*%20*%20*%20*%20*%20*/%5D%5D%3E%3C/code%3E%0A%20%20%3Caccelkey%3E%3C%21%5BCDATA%5B%5D%5D%3E%3C/accelkey%3E%0A%20%20%3Chelp%3E%3C%21%5BCDATA%5B%5D%5D%3E%3C/help%3E%0A%20%20%3Cattributes/%3E%0A%3C/custombutton%3E" rel="nofollow" title="Install Get Button's Name example">
        <![CDATA[Install this button]]>
        </html:a>
      </html:div>
      <html:a href="https://addons.mozilla.org/addon/custom-buttons/?src=custom-buttons-xml">
        <![CDATA[What's this?]]>
      </html:a>
      <html:div id="credits">
        <html:a href="http://custombuttons.sourceforge.net/forum/viewtopic.php?t=78#p197">
          <![CDATA[Custom Buttons XML]]><html:br/><![CDATA[Exporter/Importer]]>
        </html:a>
      </html:div>
    </html:div>
  </html:body>
  <date id="date" value="20120329"/>
  <name>Get Button's Name example</name>
  <image><![CDATA[custombuttons-stdicon-3]]></image>
  <mode>0</mode>
  <initcode><![CDATA[/*Initialization Code*/]]></initcode>
  <code><![CDATA[var btnURI = readFromClipboard();

if (!btnURI || !/^custombutton\:\/\//.test(btnURI)) {
  alert("Invalid button URI!");
  return;
}

var cbxml = decodeURIComponent(readFromClipboard());
cbxml = cbxml.match(/\<name\/?.+/).toString();
if (/\<name\/\>/.test(cbxml)) {
  alert("This button doesn't have a name.");
} else {
  cbxml = cbxml.replace(/\<\/?\w+\>/g, "").toString();
  alert(cbxml);
}

/* * * * * * * * * * * * * * * * * * * * *
   How to use this button:
   1. Right click on any custom buttons
   2. Select 'Copy to clipboard'
   3. Click THIS button
 * * * * * * * * * * * * * * * * * * * * */]]></code>
  <accelkey><![CDATA[]]></accelkey>
  <help><![CDATA[]]></help>
  <attributes/>
</custombutton>