<?xml version="1.0" encoding="UTF-8"?>
<custombutton xmlns:cb="http://xsms.nm.ru/custombuttons/"
              xmlns:html="http://www.w3.org/1999/xhtml">
  <html:head>
    <html:title><![CDATA[Greasemonkey]]></html:title>
    <html:link rel="shortcut icon" href="chrome://greasemonkey/skin/icon16.png"/>
    <html:style type="text/css"><![CDATA[body { font-size: medium; margin: 0; }
body, code:before, help:before, initcode:before {
  font-family: "Verdana", sans-serif;
}
#wrapper { position: fixed; top: 1em; right: 1em; text-align: center; }
p { font-size: small; text-align: center; }
#button {
  background-color: rgb(85, 168, 2);
  background-image: linear-gradient(to bottom, rgb(147, 200, 94), rgb(85, 168, 2));
  background-image: -moz-linear-gradient(top, rgb(147, 200, 94), rgb(85, 168, 2));
  background-image: -o-linear-gradient(top, rgb(147, 200, 94), rgb(85, 168, 2));
  background-image: -webkit-linear-gradient(top, rgb(147, 200, 94), rgb(85, 168, 2));
  border: 1px solid rgb(58, 116, 4);
  border-radius: .5em;
  -moz-border-radius: .5em;
  -webkit-border-radius: .5em;
  padding: 0;
  margin-bottom: 1em;
  box-shadow: 1px 2px 3px rgba(0, 0, 0, .25);
  -moz-box-shadow: 1px 2px 3px rgba(0, 0, 0, .25);
  -o-box-shadow: 1px 2px 3px rgba(0, 0, 0, .25);
  -webkit-box-shadow: 1px 2px 3px rgba(0, 0, 0, .25);
}
#button a {
  color: #000;
  text-shadow: -1pt -1px 0pt rgba(255, 255, 255, .5);
  padding: 1em;
  text-decoration: none;
}
#button a, code, code:before, initcode, initcode:before, help, help:before {
  display: block;
}
#credits { position: fixed; bottom: 1em; right: 1em; font-size: small; }
custombutton { background-color: rgb(171, 171, 171); margin: 1em; }
date, image, mode, accelkey { display: none; }
name { font-weight: bold; font-size: x-large; }
code:before, help:before, initcode:before {
  font-weight: bold;
  font-size: large;
  margin: 0 0 1em;
  padding: .5em;
}
code:before { content: "CODE"; }
help:before { content: "Help"; }
initcode:before { content: "Initialization Code"; }
code, initcode, help {
  background-color: rgb(255, 255, 255);
  border: 1px inset rgb(170, 170, 170);
  font: medium monospace;
  margin: 1em 1em 2em 0;
  padding: 1em;
  text-align: left;
  width: 840px;
  white-space: pre-wrap;
  word-wrap: break-word;
}
.clear { clear: both; }
]]></html:style>
  </html:head>
  <html:body>
    <html:div id="wrapper">
      <html:div id="button">
        <html:a href="custombutton://%3C%3Fxml%20version%3D%221.0%22%20encoding%3D%22UTF-8%22%3F%3E%0D%0A%3Ccustombutton%20xmlns%3Acb%3D%22http%3A//xsms.nm.ru/custombuttons/%22%3E%0A%20%20%3Cname%3EGreasemonkey%3C/name%3E%0A%20%20%3Cimage%3E%3C%21%5BCDATA%5Bchrome%3A//greasemonkey/skin/icon16.png%5D%5D%3E%3C/image%3E%0A%20%20%3Cmode%3E0%3C/mode%3E%0A%20%20%3Cinitcode%3E%3C%21%5BCDATA%5Bvar%20GM_scripts%20%3D%20GM_BrowserUI.gmSvc.config.scripts%3B%0A%0Afunction%20getGMstatus%28%29%20%7B%0A%20%20return%20gmEnabled%20%3D%20GM_prefRoot.getValue%28%22enabled%22%29%3B%0A%7D%0A%0Afunction%20toggleOpacity%28aNode%29%20%7B%0A%20%20aNode.style.opacity%20%3D%20getGMstatus%28%29%20%3F%20%221%22%20%3A%20%22.25%22%3B%0A%7D%0A%0Afunction%20toggleStatus%28aNode%29%20%7B%0A%20%20GM_prefRoot.setValue%28%22enabled%22%2C%20%21getGMstatus%28%29%29%3B%0A%20%20toggleOpacity%28aNode%29%3B%0A%7D%0A%0Afunction%20toggleScript%28aId%29%20%7B%0A%20%20for%20%28var%20i%20in%20GM_scripts%29%20%7B%0A%20%20%20%20if%20%28GM_scripts%5Bi%5D.id%20%3D%3D%20aId%29%20%7B%0A%20%20%20%20%20%20GM_scripts%5Bi%5D.enabled%20%3D%20%21GM_scripts%5Bi%5D.enabled%3B%0A%20%20%20%20%20%20return%3B%0A%20%20%20%20%7D%0A%20%20%7D%0A%7D%0A%0Afunction%20getScriptStatus%28aId%29%20%7B%0A%20%20for%20%28var%20i%20in%20GM_scripts%29%20%7B%0A%20%20%20%20if%20%28GM_scripts%5Bi%5D.id%20%3D%3D%20aId%29%20%7B%0A%20%20%20%20%20%20return%20GM_scripts%5Bi%5D.enabled%3B%0A%20%20%20%20%7D%0A%20%20%7D%0A%7D%0A%0Afunction%20editScript%28aId%29%20%7B%0A%20%20for%20%28var%20i%20in%20GM_scripts%29%20%7B%0A%20%20%20%20if%20%28GM_scripts%5Bi%5D.id%20%3D%3D%20aId%29%20%7B%0A%20%20%20%20%20%20GM_util.openInEditor%28GM_scripts%5Bi%5D%29%3B%0A%20%20%20%20%20%20return%3B%0A%20%20%20%20%7D%0A%20%20%7D%0A%7D%0A%0Afunction%20openPrefs%28aId%29%20%7B%0A%20%20openDialog%28%22chrome%3A//greasemonkey/content/scriptprefs.xul%23%22%20+%20aId%2C%0A%20%20%20%20%20%20%20%20%20%20%20%20%20aId%2C%20%22chrome%2C%20dialog%3Dno%2C%20resizable%3Dno%2C%20centerscreen%22%29%3B%0A%7D%0A%0Afunction%20popupshowing%28aNode%29%20%7B%0A%20%20var%20items%20%3D%20aNode.querySelectorAll%28%22menuitem%22%29%3B%0A%20%20for%20%28var%20i%20%3D%200%3B%20i%20%3C%20items.length%3B%20i++%29%20%7B%0A%20%20%20%20if%20%28items%5Bi%5D.id%29%20%7B%0A%20%20%20%20%20%20items%5Bi%5D.setAttribute%28%22checked%22%2C%20getScriptStatus%28items%5Bi%5D.id%29%29%3B%0A%20%20%20%20%7D%20else%20%7B%0A%20%20%20%20%20%20items%5Bi%5D.setAttribute%28%22checked%22%2C%20cbu.ps.getBoolPref%28%22greasemonkey.enabled%22%29%29%3B%0A%20%20%20%20%7D%0A%20%20%7D%0A%7D%0A%0Afunction%20menuClick%28aEvent%29%20%7B%0A%20%20switch%20%28aEvent.button%29%20%7B%0A%20%20%20%20case%202%3A%20editScript%28aEvent.target.id%29%3B%20break%3B%0A%20%20%20%20case%201%3A%20openPrefs%28aEvent.target.id%29%3B%0A%20%20%7D%0A%20%20closeMenus%28aEvent.target%29%3B%0A%7D%0A%0Afunction%20menuCommand%28aEvent%29%20%7B%0A%20%20if%20%28aEvent.target.id%29%20%7B%0A%20%20%20%20toggleScript%28aEvent.target.id%29%3B%0A%20%20%7D%20else%20%7B%0A%20%20%20%20toggleStatus%28aEvent.target.parentNode.parentNode%29%0A%20%20%7D%0A%7D%0A%0Avar%20m%20%3D%20this.appendChild%28cbu.makeXML%28%0A%20%20%20%20%20%20%20%20%20%20%3Cmenupopup%20xmlns%3D%7Bxulns%7D%0A%20%20%20%20%20%20%20%20%20%20%20%20%20%20%20%20%20%20%20%20%20oncontextmenu%3D%22event.preventDefault%28%29%3B%22%0A%20%20%20%20%20%20%20%20%20%20%20%20%20%20%20%20%20%20%20%20%20onpopupshowing%3D%22popupshowing%28this%29%3B%22%0A%20%20%20%20%20%20%20%20%20%20%20%20%20%20%20%20%20%20%20%20%20onclick%3D%22menuClick%28event%29%3B%22%0A%20%20%20%20%20%20%20%20%20%20%20%20%20%20%20%20%20%20%20%20%20oncommand%3D%22menuCommand%28event%29%3B%22%3E%0A%20%20%20%20%20%20%20%20%20%20%20%20%3Cmenuitem%20type%3D%22checkbox%22%20label%3D%22Easy%20Reader%22%0A%20%20%20%20%20%20%20%20%20%20%20%20%20%20%20%20%20%20%20%20%20%20id%3D%22http%3A//www.greasespot.net//Easy%20Reader%22/%3E%0A%20%20%20%20%20%20%20%20%20%20%20%20%3Cmenuitem%20type%3D%22checkbox%22%20label%3D%22Fit%20to%20Width%22%0A%20%20%20%20%20%20%20%20%20%20%20%20%20%20%20%20%20%20%20%20%20%20id%3D%22http%3A//www.greasespot.net//Fit%20to%20Width%22/%3E%0A%20%20%20%20%20%20%20%20%20%20%20%20%3Cmenuitem%20type%3D%22checkbox%22%20label%3D%22Links%20Open%20in%20New%20Window%22%0A%20%20%20%20%20%20%20%20%20%20%20%20%20%20%20%20%20%20%20%20%20%20id%3D%22http%3A//www.greasespot.net//Links%20Open%20in%20New%20Window%22/%3E%0A%20%20%20%20%20%20%20%20%20%20%20%20%3Cmenuitem%20type%3D%22checkbox%22%20label%3D%22URL%20Cleaner%22%0A%20%20%20%20%20%20%20%20%20%20%20%20%20%20%20%20%20%20%20%20%20%20id%3D%22http%3A//www.greasespot.net//URL%20Cleaner%22/%3E%0A%20%20%20%20%20%20%20%20%20%20%20%20%3Cmenuitem%20type%3D%22checkbox%22%20label%3D%22DirectLink%22%0A%20%20%20%20%20%20%20%20%20%20%20%20%20%20%20%20%20%20%20%20%20%20id%3D%22http%3A//www.greasespot.net//DirectLink%22/%3E%0A%20%20%20%20%20%20%20%20%20%20%20%20%3Cmenuitem%20type%3D%22checkbox%22%20label%3D%22Mouseover%20Popup%20Image%20Viewer%22%0A%20%20%20%20%20%20%20%20%20%20%20%20%20%20%20%20%20%20%20%20%20%20id%3D%22http%3A//www.greasespot.net//Mouseover%20Popup%20Image%20Viewer%22/%3E%0A%3Cmenuseparator/%3E%0A%20%20%20%20%20%20%20%20%20%20%20%20%3Cmenuitem%20type%3D%22checkbox%22%20label%3D%22Toggle%20Status%22/%3E%0A%20%20%20%20%20%20%20%20%20%20%3C/menupopup%3E%0A%20%20%20%20%20%20%20%20%29%29%3B%0A%0Am.popupshowing%20%3D%20popupshowing.bind%28%29%3B%0Am.menuClick%20%3D%20menuClick.bind%28%29%3B%0Am.menuCommand%20%3D%20menuCommand.bind%28%29%3B%0A%0Athis.type%20%3D%20%22menu%22%3B%0Athis.tooltipText%20%3D%20this.Help%3B%0A%0AtoggleOpacity%28this%29%3B%0A%0A%5D%5D%3E%3C/initcode%3E%0A%20%20%3Ccode%3E%3C%21%5BCDATA%5B%5D%5D%3E%3C/code%3E%0A%20%20%3Caccelkey%3E%3C%21%5BCDATA%5B%5D%5D%3E%3C/accelkey%3E%0A%20%20%3Chelp%3E%3C%21%5BCDATA%5BLeft+click%20on%20menuitem%20to%20toggle%20script%0AMiddle+click%20to%20open%20script%20options%0ARight+click%20to%20edit%20script%5D%5D%3E%3C/help%3E%0A%20%20%3Cattributes/%3E%0A%3C/custombutton%3E" rel="nofollow" title="Install Greasemonkey">
        <![CDATA[Install this button]]>
        </html:a>
      </html:div>
      <html:a href="https://addons.mozilla.org/addon/custom-buttons/?src=custom-buttons-xml">
        <![CDATA[What's this?]]>
      </html:a>
      <html:div id="credits">
        <html:a href="http://custombuttons.sourceforge.net/forum/viewtopic.php?t=78#p197">
          <![CDATA[Custom Buttons XML]]><html:br/><![CDATA[Exporter/Importer]]>
        </html:a>
      </html:div>
    </html:div>
  </html:body>
  <date id="date" value="20120329"/>
  <name>Greasemonkey</name>
  <image><![CDATA[chrome://greasemonkey/skin/icon16.png]]></image>
  <mode>0</mode>
  <initcode><![CDATA[var GM_scripts = GM_BrowserUI.gmSvc.config.scripts;

function getGMstatus() {
  return gmEnabled = GM_prefRoot.getValue("enabled");
}

function toggleOpacity(aNode) {
  aNode.style.opacity = getGMstatus() ? "1" : ".25";
}

function toggleStatus(aNode) {
  GM_prefRoot.setValue("enabled", !getGMstatus());
  toggleOpacity(aNode);
}

function toggleScript(aId) {
  for (var i in GM_scripts) {
    if (GM_scripts[i].id == aId) {
      GM_scripts[i].enabled = !GM_scripts[i].enabled;
      return;
    }
  }
}

function getScriptStatus(aId) {
  for (var i in GM_scripts) {
    if (GM_scripts[i].id == aId) {
      return GM_scripts[i].enabled;
    }
  }
}

function editScript(aId) {
  for (var i in GM_scripts) {
    if (GM_scripts[i].id == aId) {
      GM_util.openInEditor(GM_scripts[i]);
      return;
    }
  }
}

function openPrefs(aId) {
  openDialog("chrome://greasemonkey/content/scriptprefs.xul#" + aId,
             aId, "chrome, dialog=no, resizable=no, centerscreen");
}

function popupshowing(aNode) {
  var items = aNode.querySelectorAll("menuitem");
  for (var i = 0; i < items.length; i++) {
    if (items[i].id) {
      items[i].setAttribute("checked", getScriptStatus(items[i].id));
    } else {
      items[i].setAttribute("checked", cbu.ps.getBoolPref("greasemonkey.enabled"));
    }
  }
}

function menuClick(aEvent) {
  switch (aEvent.button) {
    case 2: editScript(aEvent.target.id); break;
    case 1: openPrefs(aEvent.target.id);
  }
  closeMenus(aEvent.target);
}

function menuCommand(aEvent) {
  if (aEvent.target.id) {
    toggleScript(aEvent.target.id);
  } else {
    toggleStatus(aEvent.target.parentNode.parentNode)
  }
}

var m = this.appendChild(cbu.makeXML(
          <menupopup xmlns={xulns}
                     oncontextmenu="event.preventDefault();"
                     onpopupshowing="popupshowing(this);"
                     onclick="menuClick(event);"
                     oncommand="menuCommand(event);">
            <menuitem type="checkbox" label="Easy Reader"
                      id="http://www.greasespot.net//Easy Reader"/>
            <menuitem type="checkbox" label="Fit to Width"
                      id="http://www.greasespot.net//Fit to Width"/>
            <menuitem type="checkbox" label="Links Open in New Window"
                      id="http://www.greasespot.net//Links Open in New Window"/>
            <menuitem type="checkbox" label="URL Cleaner"
                      id="http://www.greasespot.net//URL Cleaner"/>
            <menuitem type="checkbox" label="DirectLink"
                      id="http://www.greasespot.net//DirectLink"/>
            <menuitem type="checkbox" label="Mouseover Popup Image Viewer"
                      id="http://www.greasespot.net//Mouseover Popup Image Viewer"/>
<menuseparator/>
            <menuitem type="checkbox" label="Toggle Status"/>
          </menupopup>
        ));

m.popupshowing = popupshowing.bind();
m.menuClick = menuClick.bind();
m.menuCommand = menuCommand.bind();

this.type = "menu";
this.tooltipText = this.Help;

toggleOpacity(this);

]]></initcode>
  <code><![CDATA[]]></code>
  <accelkey><![CDATA[]]></accelkey>
  <help><![CDATA[Left+click on menuitem to toggle script
Middle+click to open script options
Right+click to edit script]]></help>
  <attributes/>
</custombutton>