<?xml version="1.0" encoding="UTF-8"?>
<custombutton xmlns:cb="http://xsms.nm.ru/custombuttons/"
              xmlns:html="http://www.w3.org/1999/xhtml">
  <html:head>
    <html:title><![CDATA[Easy Reader]]></html:title>
    <html:link rel="shortcut icon" href=""/>
    <html:style type="text/css"><![CDATA[body { font-size: medium; margin: 0; }
body, code:before, help:before, initcode:before {
  font-family: "Verdana", sans-serif;
}
#wrapper { position: fixed; top: 1em; right: 1em; text-align: center; }
p { font-size: small; text-align: center; }
#button {
  background-color: rgb(85, 168, 2);
  background-image: linear-gradient(to bottom, rgb(147, 200, 94), rgb(85, 168, 2));
  background-image: -moz-linear-gradient(top, rgb(147, 200, 94), rgb(85, 168, 2));
  background-image: -o-linear-gradient(top, rgb(147, 200, 94), rgb(85, 168, 2));
  background-image: -webkit-linear-gradient(top, rgb(147, 200, 94), rgb(85, 168, 2));
  border: 1px solid rgb(58, 116, 4);
  border-radius: .5em;
  -moz-border-radius: .5em;
  -webkit-border-radius: .5em;
  padding: 0;
  margin-bottom: 1em;
  box-shadow: 1px 2px 3px rgba(0, 0, 0, .25);
  -moz-box-shadow: 1px 2px 3px rgba(0, 0, 0, .25);
  -o-box-shadow: 1px 2px 3px rgba(0, 0, 0, .25);
  -webkit-box-shadow: 1px 2px 3px rgba(0, 0, 0, .25);
}
#button a {
  color: #000;
  text-shadow: -1pt -1px 0pt rgba(255, 255, 255, .5);
  padding: 1em;
  text-decoration: none;
}
#button a, code, code:before, initcode, initcode:before, help, help:before {
  display: block;
}
#credits { position: fixed; bottom: 1em; right: 1em; font-size: small; }
custombutton { background-color: rgb(171, 171, 171); margin: 1em; }
date, image, mode, accelkey { display: none; }
name { font-weight: bold; font-size: x-large; }
code:before, help:before, initcode:before {
  font-weight: bold;
  font-size: large;
  margin: 0 0 1em;
  padding: .5em;
}
code:before { content: "CODE"; }
help:before { content: "Help"; }
initcode:before { content: "Initialization Code"; }
code, initcode, help {
  background-color: rgb(255, 255, 255);
  border: 1px inset rgb(170, 170, 170);
  font: medium monospace;
  margin: 1em 1em 2em 0;
  padding: 1em;
  text-align: left;
  width: 840px;
  white-space: pre-wrap;
  word-wrap: break-word;
}
.clear { clear: both; }
]]></html:style>
  </html:head>
  <html:body>
    <html:div id="wrapper">
      <html:div id="button">
        <html:a href="custombutton://%3C%3Fxml%20version%3D%221.0%22%20encoding%3D%22UTF-8%22%3F%3E%0D%0A%3Ccustombutton%20xmlns%3Acb%3D%22http%3A//xsms.nm.ru/custombuttons/%22%3E%0A%20%20%3Cname%3EEasy%20Reader%3C/name%3E%0A%20%20%3Cimage%3E%3C%21%5BCDATA%5Bcustombuttons-stdicon-4%5D%5D%3E%3C/image%3E%0A%20%20%3Cmode%3E0%3C/mode%3E%0A%20%20%3Cinitcode%3E%3C%21%5BCDATA%5Bthis.Services%20%3D%20%7B%0A%20%20get%20prompts%28%29%20%7B%0A%20%20%20%20return%20Components.classes%5B%22@mozilla.org/embedcomp/prompt-service%3B1%22%5D%0A%20%20%20%20%20%20%20%20%20%20%20%20%20%20%20%20%20%20%20%20%20.getService%28Components.interfaces.nsIPromptService%29%3B%0A%20%20%7D%2C%0A%20%20get%20eTLD%28%29%20%7B%0A%20%20%20%20return%20Components.classes%5B%27@mozilla.org/network/effective-tld-service%3B1%27%5D%0A%20%20%20%20%20%20%20%20%20%20%20%20%20%20%20%20%20%20%20%20%20.getService%28Components.interfaces.nsIEffectiveTLDService%29%3B%0A%20%20%7D%2C%0A%20%20get%20sss%28%29%20%7B%0A%20%20%20%20return%20Components.classes%5B%22@mozilla.org/content/style-sheet-service%3B1%22%5D%0A%20%20%20%20%20%20%20%20%20%20%20%20%20%20%20%20%20%20%20%20%20.getService%28Components.interfaces.nsIStyleSheetService%29%3B%0A%20%20%7D%0A%7D%0A%0A%0Athis.prefStr%20%3D%20%22custombuttons.EasyReader.baseDomain%22%3B%0A%0Athis.useBaseDomain%20%3D%20function%20useBaseDomain%28%29%20%7B%0A%20%20try%20%7B%0A%20%20%20%20return%20cbu.ps.getBoolPref%28this.prefStr%29%3B%0A%20%20%7D%20catch%28ex%29%20%7B%0A%20%20%20%20return%20false%3B%0A%20%20%7D%0A%7D%0A%0Athis.onclick%20%3D%20function%20onclick%28aEvent%29%20%7B%0A%20%20if%20%28aEvent.button%20%21%3D%201%29%20return%3B%0A%20%20var%20useBaseDomain%20%3D%20this.useBaseDomain%28%29%3B%0A%20%20var%20check%20%3D%20%7Bvalue%3A%20useBaseDomain%7D%3B%0A%20%20this.Services.prompts.alertCheck%28null%2C%20%22Easy%20Reader%22%2C%0A%20%20%20%20%20%20%20%20%20%20%20%20%20%20%20%20%20%20%20%20%20%20%20%20%20%20%20%20%20%20%20%20%20%20%20%22Base%20domain%20option.%5CnFor%20example%2C%20%22%20+%0A%20%20%20%20%20%20%20%20%20%20%20%20%20%20%20%20%20%20%20%20%20%20%20%20%20%20%20%20%20%20%20%20%20%20%20%22if%20you%20apply%20style%20on%20%27foo.example.com%27%22%20+%0A%20%20%20%20%20%20%20%20%20%20%20%20%20%20%20%20%20%20%20%20%20%20%20%20%20%20%20%20%20%20%20%20%20%20%20%22%5Cnit%20will%20also%20affect%20%27example.com%27%20%22%20+%0A%20%20%20%20%20%20%20%20%20%20%20%20%20%20%20%20%20%20%20%20%20%20%20%20%20%20%20%20%20%20%20%20%20%20%20%22and%20its%20sub-domains.%22%2C%0A%20%20%20%20%20%20%20%20%20%20%20%20%20%20%20%20%20%20%20%20%20%20%20%20%20%20%20%20%20%20%20%20%20%20%20%22Use%20base%20domain%22%2C%20check%29%3B%0A%0A%20%20cbu.ps.setBoolPref%28this.prefStr%2C%20check.value%29%3B%0A%7D%0A%0A%5D%5D%3E%3C/initcode%3E%0A%20%20%3Ccode%3E%3C%21%5BCDATA%5Bvar%20uri%20%3D%20content.document.documentURIObject%3B%0A%0Avar%20eTLD%3B%0Atry%20%7B%0A%20%20eTLD%20%3D%20this.Services.eTLD.getBaseDomain%28uri%29%3B%0A%7D%20catch%20%28e%29%20%7B%0A%20%20eTLD%20%3D%20uri.host%3B%0A%7D%0A%0Avar%20ns%20%3D%20%22@namespace%20url%28http%3A//www.w3.org/1999/xhtml%29%3B%5Cn%22%3B%0Avar%20domain%20%3D%20this.useBaseDomain%28%29%20%3F%20eTLD%20%3A%20uri.host%3B%0A%0Avar%20css%20%3D%20ns%20+%20%22@-moz-document%20domain%28%27%22%20+%20domain%20+%20%22%27%29%20%7B%5Cn%22%20+%20this.Help%20+%20%22%5Cn%7D%22%3B%0A%0Avar%20cssURI%20%3D%20makeURI%28%22data%3Atext/css%2C%22%20+%20encodeURIComponent%28css%29%29%3B%0A%0Aif%20%28this.Services.sss.sheetRegistered%28cssURI%2C%20this.Services.sss.USER_SHEET%29%29%20%7B%0A%20%20this.Services.sss.unregisterSheet%28cssURI%2C%20this.Services.sss.USER_SHEET%29%3B%0A%7D%20else%20%7B%0A%20%20this.Services.sss.loadAndRegisterSheet%28cssURI%2C%20this.Services.sss.USER_SHEET%29%3B%0A%7D%0A%0A%5D%5D%3E%3C/code%3E%0A%20%20%3Caccelkey%3E%3C%21%5BCDATA%5B%5D%5D%3E%3C/accelkey%3E%0A%20%20%3Chelp%3E%3C%21%5BCDATA%5B*%20%7B%0A%20%20background%3A%20white%20none%20%21important%3B%0A%20%20color%3A%20black%20%21important%3B%0A%20%20text-decoration%3A%20none%20%21important%3B%0A%7D%0A%0A%3A-moz-any-link%20%7B%0A%20%20color%3A%20navy%20%21important%3B%0A%20%20text-decoration%3A%20underline%20%21important%3B%0A%7D%0A%0Atextarea%2C%20input%20%7B%0A%20%20border%3A%201px%20solid%20black%20%21important%3B%0A%7D%5D%5D%3E%3C/help%3E%0A%20%20%3Cattributes/%3E%0A%3C/custombutton%3E" rel="nofollow" title="Install Easy Reader">
        <![CDATA[Install this button]]>
        </html:a>
      </html:div>
      <html:a href="https://addons.mozilla.org/addon/custom-buttons/?src=custom-buttons-xml">
        <![CDATA[What's this?]]>
      </html:a>
      <html:div id="credits">
        <html:a href="http://custombuttons.sourceforge.net/forum/viewtopic.php?t=78#p197">
          <![CDATA[Custom Buttons XML]]><html:br/><![CDATA[Exporter/Importer]]>
        </html:a>
      </html:div>
    </html:div>
  </html:body>
  <date id="date" value="20120329"/>
  <name>Easy Reader</name>
  <image><![CDATA[custombuttons-stdicon-4]]></image>
  <mode>0</mode>
  <initcode><![CDATA[this.Services = {
  get prompts() {
    return Components.classes["@mozilla.org/embedcomp/prompt-service;1"]
                     .getService(Components.interfaces.nsIPromptService);
  },
  get eTLD() {
    return Components.classes['@mozilla.org/network/effective-tld-service;1']
                     .getService(Components.interfaces.nsIEffectiveTLDService);
  },
  get sss() {
    return Components.classes["@mozilla.org/content/style-sheet-service;1"]
                     .getService(Components.interfaces.nsIStyleSheetService);
  }
}


this.prefStr = "custombuttons.EasyReader.baseDomain";

this.useBaseDomain = function useBaseDomain() {
  try {
    return cbu.ps.getBoolPref(this.prefStr);
  } catch(ex) {
    return false;
  }
}

this.onclick = function onclick(aEvent) {
  if (aEvent.button != 1) return;
  var useBaseDomain = this.useBaseDomain();
  var check = {value: useBaseDomain};
  this.Services.prompts.alertCheck(null, "Easy Reader",
                                   "Base domain option.\nFor example, " +
                                   "if you apply style on 'foo.example.com'" +
                                   "\nit will also affect 'example.com' " +
                                   "and its sub-domains.",
                                   "Use base domain", check);

  cbu.ps.setBoolPref(this.prefStr, check.value);
}

]]></initcode>
  <code><![CDATA[var uri = content.document.documentURIObject;

var eTLD;
try {
  eTLD = this.Services.eTLD.getBaseDomain(uri);
} catch (e) {
  eTLD = uri.host;
}

var ns = "@namespace url(http://www.w3.org/1999/xhtml);\n";
var domain = this.useBaseDomain() ? eTLD : uri.host;

var css = ns + "@-moz-document domain('" + domain + "') {\n" + this.Help + "\n}";

var cssURI = makeURI("data:text/css," + encodeURIComponent(css));

if (this.Services.sss.sheetRegistered(cssURI, this.Services.sss.USER_SHEET)) {
  this.Services.sss.unregisterSheet(cssURI, this.Services.sss.USER_SHEET);
} else {
  this.Services.sss.loadAndRegisterSheet(cssURI, this.Services.sss.USER_SHEET);
}

]]></code>
  <accelkey><![CDATA[]]></accelkey>
  <help><![CDATA[* {
  background: white none !important;
  color: black !important;
  text-decoration: none !important;
}

:-moz-any-link {
  color: navy !important;
  text-decoration: underline !important;
}

textarea, input {
  border: 1px solid black !important;
}]]></help>
  <attributes/>
</custombutton>