<?xml version="1.0" encoding="UTF-8"?>
<custombutton xmlns:cb="http://xsms.nm.ru/custombuttons/"
              xmlns:html="http://www.w3.org/1999/xhtml">
  <html:head>
    <html:title><![CDATA[Make Bookmark Button]]></html:title>
    <html:link rel="shortcut icon" href=""/>
    <html:style type="text/css"><![CDATA[body { font-size: medium; margin: 0; }
body, code:before, help:before, initcode:before {
  font-family: "Verdana", sans-serif;
}
#wrapper { position: fixed; top: 1em; right: 1em; text-align: center; }
p { font-size: small; text-align: center; }
#button {
  background-color: rgb(85, 168, 2);
  background-image: linear-gradient(to bottom, rgb(147, 200, 94), rgb(85, 168, 2));
  background-image: -moz-linear-gradient(top, rgb(147, 200, 94), rgb(85, 168, 2));
  background-image: -o-linear-gradient(top, rgb(147, 200, 94), rgb(85, 168, 2));
  background-image: -webkit-linear-gradient(top, rgb(147, 200, 94), rgb(85, 168, 2));
  border: 1px solid rgb(58, 116, 4);
  border-radius: .5em;
  -moz-border-radius: .5em;
  -webkit-border-radius: .5em;
  padding: 0;
  margin-bottom: 1em;
  box-shadow: 1px 2px 3px rgba(0, 0, 0, .25);
  -moz-box-shadow: 1px 2px 3px rgba(0, 0, 0, .25);
  -o-box-shadow: 1px 2px 3px rgba(0, 0, 0, .25);
  -webkit-box-shadow: 1px 2px 3px rgba(0, 0, 0, .25);
}
#button a {
  color: #000;
  text-shadow: -1pt -1px 0pt rgba(255, 255, 255, .5);
  padding: 1em;
  text-decoration: none;
}
#button a, code, code:before, initcode, initcode:before, help, help:before {
  display: block;
}
#credits { position: fixed; bottom: 1em; right: 1em; font-size: small; }
custombutton { background-color: rgb(171, 171, 171); margin: 1em; }
date, image, mode, accelkey { display: none; }
name { font-weight: bold; font-size: x-large; }
code:before, help:before, initcode:before {
  font-weight: bold;
  font-size: large;
  margin: 0 0 1em;
  padding: .5em;
}
code:before { content: "CODE"; }
help:before { content: "Help"; }
initcode:before { content: "Initialization Code"; }
code, initcode, help {
  background-color: rgb(255, 255, 255);
  border: 1px inset rgb(170, 170, 170);
  font: medium monospace;
  margin: 1em 1em 2em 0;
  padding: 1em;
  text-align: left;
  width: 840px;
  white-space: pre-wrap;
  word-wrap: break-word;
}
.clear { clear: both; }
]]></html:style>
  </html:head>
  <html:body>
    <html:div id="wrapper">
      <html:div id="button">
        <html:a href="custombutton://%3C%3Fxml%20version%3D%221.0%22%20encoding%3D%22UTF-8%22%3F%3E%0D%0A%3Ccustombutton%20xmlns%3Acb%3D%22http%3A//xsms.nm.ru/custombuttons/%22%3E%0A%20%20%3Cname%3EMake%20Bookmark%20Button%3C/name%3E%0A%20%20%3Cimage%3E%3C%21%5BCDATA%5Bcustombuttons-stdicon-1%5D%5D%3E%3C/image%3E%0A%20%20%3Cmode%3E0%3C/mode%3E%0A%20%20%3Cinitcode%3E%3C%21%5BCDATA%5B%5D%5D%3E%3C/initcode%3E%0A%20%20%3Ccode%3E%3C%21%5BCDATA%5Bvar%20doc%20%3D%20content.document%2C%20loc%20%3D%20content.location%3B%0Avar%20title%20%3D%20doc.title%3B%0Avar%20pageURI%20%3D%20makeURI%28loc.href%2C%20null%2C%20null%29%3B%0A%0Avar%20fis%20%3D%20Components.classes%20%5B%22@mozilla.org/browser/favicon-service%3B1%22%5D%0A%20%20%20%20%20%20%20%20%20%20%20%20%20%20%20%20%20%20%20%20.getService%28Components.interfaces.nsIFaviconService%29%3B%0Avar%20iconData%20%3D%20%22%22%3B%0Atry%20%7B%0A%20%20iconData%20%3D%20fis.getFaviconDataAsDataURL%28fis.getFaviconForPage%28pageURI%29%29%3B%0A%7D%20catch%28e%29%20%7B%7D%0A%0Acustombuttons.cloneButton%28this%29%3B%0A%0Avar%20newButtonLink%20%3D%20custombuttons.makeButtonLink%28%22update%22%2C%20this.nextSibling.id%29%3B%0Avar%20params%20%3D%20custombuttons.cbService%0A%20%20%20%20%20%20%20%20%20%20%20%20%20%20%20%20%20%20%20%20%20%20%20%20%20%20.getButtonParameters%28newButtonLink%29%0A%20%20%20%20%20%20%20%20%20%20%20%20%20%20%20%20%20%20%20%20%20%20%20%20%20%20.wrappedJSObject%3B%0Aparams.image%20%3D%20iconData%3B%0Aparams.name%20%3D%20title%3B%0Aparams.code%20%3D%20%22openUILink%28%5C%22%22%20+%20loc.href%20+%20%22%5C%22%2C%20event%2C%20false%2C%20true%29%3B%22%3B%0Aparams.initCode%20%3D%20%22this.onclick%20%3D%20function%28aEvent%29%20%7B%5Cn%5C%0A%20%20if%20%28aEvent.button%20%3D%3D%201%29%20%7B%5Cn%5C%0A%20%20%20%20var%20fn%20%3D%20new%20Function%28%5C%22event%5C%22%2C%20this.getAttribute%28%5C%22cb-oncommand%5C%22%29%29%3B%5Cn%5C%0A%20%20%20%20fn.call%28this%2C%20aEvent%29%3B%5Cn%5C%0A%20%20%7D%5Cn%5C%0A%7D%5Cn%5Cn%5C%0Athis.tooltipText%20+%3D%20%5C%22%5C%5Cn%22%20+%20loc.href%20+%20%22%5C%22%22%3B%0Aparams.code%20%3D%20%22openUILink%28%5C%22%22%20+%20loc.href%20+%20%22%5C%22%2C%20event%2C%20false%2C%20true%29%3B%22%3B%0Aparams.wrappedJSObject%20%3D%20params%3B%0A%0Acustombuttons.cbService.installButton%28params%29%3B%0A%0A%5D%5D%3E%3C/code%3E%0A%20%20%3Caccelkey%3E%3C%21%5BCDATA%5B%5D%5D%3E%3C/accelkey%3E%0A%20%20%3Chelp%3E%3C%21%5BCDATA%5B%5D%5D%3E%3C/help%3E%0A%20%20%3Cattributes/%3E%0A%3C/custombutton%3E" rel="nofollow" title="Install Make Bookmark Button">
        <![CDATA[Install this button]]>
        </html:a>
      </html:div>
      <html:a href="https://addons.mozilla.org/addon/custom-buttons/?src=custom-buttons-xml">
        <![CDATA[What's this?]]>
      </html:a>
      <html:div id="credits">
        <html:a href="http://custombuttons.sourceforge.net/forum/viewtopic.php?t=78#p197">
          <![CDATA[Custom Buttons XML]]><html:br/><![CDATA[Exporter/Importer]]>
        </html:a>
      </html:div>
    </html:div>
  </html:body>
  <date id="date" value="20120329"/>
  <name>Make Bookmark Button</name>
  <image><![CDATA[custombuttons-stdicon-1]]></image>
  <mode>0</mode>
  <initcode><![CDATA[]]></initcode>
  <code><![CDATA[var doc = content.document, loc = content.location;
var title = doc.title;
var pageURI = makeURI(loc.href, null, null);

var fis = Components.classes ["@mozilla.org/browser/favicon-service;1"]
                    .getService(Components.interfaces.nsIFaviconService);
var iconData = "";
try {
  iconData = fis.getFaviconDataAsDataURL(fis.getFaviconForPage(pageURI));
} catch(e) {}

custombuttons.cloneButton(this);

var newButtonLink = custombuttons.makeButtonLink("update", this.nextSibling.id);
var params = custombuttons.cbService
                          .getButtonParameters(newButtonLink)
                          .wrappedJSObject;
params.image = iconData;
params.name = title;
params.code = "openUILink(\"" + loc.href + "\", event, false, true);";
params.initCode = "this.onclick = function(aEvent) {\n\
  if (aEvent.button == 1) {\n\
    var fn = new Function(\"event\", this.getAttribute(\"cb-oncommand\"));\n\
    fn.call(this, aEvent);\n\
  }\n\
}\n\n\
this.tooltipText += \"\\n" + loc.href + "\"";
params.code = "openUILink(\"" + loc.href + "\", event, false, true);";
params.wrappedJSObject = params;

custombuttons.cbService.installButton(params);

]]></code>
  <accelkey><![CDATA[]]></accelkey>
  <help><![CDATA[]]></help>
  <attributes/>
</custombutton>