<?xml version="1.0" encoding="UTF-8"?>
<custombutton xmlns:cb="http://xsms.nm.ru/custombuttons/"
              xmlns:html="http://www.w3.org/1999/xhtml">
  <html:head>
    <html:title><![CDATA[Troubleshoot Custom Buttons]]></html:title>
    <html:link rel="shortcut icon" href=""/>
    <html:style type="text/css"><![CDATA[
body { font-size: medium; margin: 0; }
body, code:before, help:before, initcode:before {
  font-family: "Verdana", sans-serif;
}
#wrapper { position: fixed; top: 1em; right: 1em; text-align: center; }
p { font-size: small; text-align: center; }
#button {
  background-color: rgb(85, 168, 2);
  background-image: linear-gradient(to bottom, rgb(147, 200, 94), rgb(85, 168, 2));
  background-image: -moz-linear-gradient(top, rgb(147, 200, 94), rgb(85, 168, 2));
  background-image: -o-linear-gradient(top, rgb(147, 200, 94), rgb(85, 168, 2));
  background-image: -webkit-linear-gradient(top, rgb(147, 200, 94), rgb(85, 168, 2));
  border: 1px solid rgb(58, 116, 4);
  border-radius: .5em;
  -moz-border-radius: .5em;
  -webkit-border-radius: .5em;
  padding: 0;
  margin-bottom: 1em;
  box-shadow: 1px 2px 3px rgba(0, 0, 0, .25);
  -moz-box-shadow: 1px 2px 3px rgba(0, 0, 0, .25);
  -o-box-shadow: 1px 2px 3px rgba(0, 0, 0, .25);
  -webkit-box-shadow: 1px 2px 3px rgba(0, 0, 0, .25);
}
#button a {
  color: #000;
  text-shadow: -1pt -1px 0pt rgba(255, 255, 255, .5);
  padding: 1em;
  text-decoration: none;
}
:-moz-any-link:focus {
  color: white;
  outline-color: transparent;
  text-decoration: none;
}
#button a, code, code:before, initcode, initcode:before, help, help:before {
  display: block;
}
#credits { position: fixed; bottom: 1em; right: 1em; font-size: small; }
custombutton { background-color: rgb(171, 171, 171); margin: 1em; }
date, image, mode, accelkey { display: none; }
name { font-weight: bold; font-size: x-large; }
code:before, help:before, initcode:before {
  font-weight: bold;
  font-size: large;
  margin: 0 0 1em;
  padding: .5em;
}
code:before { content: "CODE"; }
help:before { content: "Help"; }
initcode:before { content: "Initialization Code"; }
code, initcode, help {
  background-color: rgb(255, 255, 255);
  border: 1px inset rgb(170, 170, 170);
  font: medium monospace;
  margin: 1em 1em 2em 0;
  padding: 1em;
  text-align: left;
  width: 840px;
  white-space: pre-wrap;
  word-wrap: break-word;
}
.clear { clear: both; }
]]></html:style>
  </html:head>
  <html:body>
    <html:div id="wrapper">
      <html:div id="button">
        <html:a href="custombutton://%3C%3Fxml%20version%3D%221.0%22%20encoding%3D%22UTF-8%22%3F%3E%0D%0A%3Ccustombutton%20xmlns%3Acb%3D%22http%3A//xsms.nm.ru/custombuttons/%22%3E%0A%20%20%3Cname%3ETroubleshoot%20Custom%20Buttons%3C/name%3E%0A%20%20%3Cimage%3E%3C%21%5BCDATA%5Bcustombuttons-stdicon-2%5D%5D%3E%3C/image%3E%0A%20%20%3Cmode%3E0%3C/mode%3E%0A%20%20%3Cinitcode%3E%3C%21%5BCDATA%5B//%20by%20morat%0A//%20http%3A//custombuttons.mozdev.org/drupal/content/troubleshoot-custom-buttons%0A%0Athis.label%20%3D%20this.tooltipText%20%3D%20%22Custom%20Buttons%20Manager%22%3B%0A%0Avar%20data%20%3D%20%27%3Cwindow%20xmlns%3D%22%27%20+%20xulns%20+%20%27%22%20width%3D%22800%22%20height%3D%22600%22%27%0A%20%20%20%20%20%20%20%20%20+%20%27%20id%3D%22%27%20+%20this.id%20+%20%27-window%22%20title%3D%22%27%20+%20this.label%20+%20%27%22%27%0A%20%20%20%20%20%20%20%20%20+%20%27%20onload%3D%22opener.document.getElementById%28%5C%27%27%20+%20this.id%0A%20%20%20%20%20%20%20%20%20+%20%27%5C%27%29.load%28%29%3B%22%3E%3Ckeyset%3E%27%0A%20%20%20%20%20%20%20%20%20+%20%27%3Ckey%20keycode%3D%22VK_ESCAPE%22%20oncommand%3D%22close%28%29%22/%3E%3C/keyset%3E%27%0A%20%20%20%20%20%20%20%20%20+%20%27%3Cvbox%20flex%3D%221%22%3E%27%0A%20%20%20%20%20%20%20%20%20+%20%27%3Ctree%20id%3D%22tree%22%20hidecolumnpicker%3D%22true%22%20seltype%3D%22single%22%27%0A%20%20%20%20%20%20%20%20%20+%20%27%20flex%3D%221%22%20context%3D%22_child%22%20enableColumnDrag%3D%22true%22%3E%27%0A%20%20%20%20%20%20%20%20%20+%20%27%3Cmenupopup%3E%27%0A%20%20%20%20%20%20%20%20%20+%20%27%3Cmenuitem%20label%3D%22Edit%22%27%0A%20%20%20%20%20%20%20%20%20+%20%27%20oncommand%3D%22opener.document.getElementById%28%5C%27%27%0A%20%20%20%20%20%20%20%20%20+%20this.id%20+%20%27%5C%27%29.edit%28%29%3B%22/%3E%27%0A%20%20%20%20%20%20%20%20%20+%20%27%3Cmenuitem%20label%3D%22Delete%22%27%0A%20%20%20%20%20%20%20%20%20+%20%27%20oncommand%3D%22opener.document.getElementById%28%5C%27%27%0A%20%20%20%20%20%20%20%20%20+%20this.id%20+%20%27%5C%27%29.remove%28%29%3B%22/%3E%27%0A%20%20%20%20%20%20%20%20%20+%20%27%3Cmenuitem%20label%3D%22Attributes%22%27%0A%20%20%20%20%20%20%20%20%20+%20%27%20oncommand%3D%22opener.document.getElementById%28%5C%27%27%0A%20%20%20%20%20%20%20%20%20+%20this.id%20+%20%27%5C%27%29.attr%28%29%3B%22/%3E%27%0A%20%20%20%20%20%20%20%20%20+%20%27%3Cmenuitem%20label%3D%22Properties%22%27%0A%20%20%20%20%20%20%20%20%20+%20%27%20oncommand%3D%22opener.document.getElementById%28%5C%27%27%0A%20%20%20%20%20%20%20%20%20+%20this.id%20+%20%27%5C%27%29.prop%28%29%3B%22/%3E%27%0A%20%20%20%20%20%20%20%20%20+%20%27%3Cmenuitem%20label%3D%22URI%22%27%0A%20%20%20%20%20%20%20%20%20+%20%27%20oncommand%3D%22opener.document.getElementById%28%5C%27%27%0A%20%20%20%20%20%20%20%20%20+%20this.id%20+%20%27%5C%27%29.link%28%29%3B%22/%3E%27%0A%20%20%20%20%20%20%20%20%20+%20%27%3Cmenuitem%20label%3D%22Inspect%20Button%22%27%0A%20%20%20%20%20%20%20%20%20+%20%27%20oncommand%3D%22opener.document.getElementById%28%5C%27%27%0A%20%20%20%20%20%20%20%20%20+%20this.id%20+%20%27%5C%27%29.inspect%28%29%3B%22/%3E%27%0A%20%20%20%20%20%20%20%20%20+%20%27%3Cmenuitem%20label%3D%22Export%20to%20XML%22%27%0A%20%20%20%20%20%20%20%20%20+%20%27%20oncommand%3D%22opener.document.getElementById%28%5C%27%27%0A%20%20%20%20%20%20%20%20%20+%20this.id%20+%20%27%5C%27%29.saveXML%28%29%3B%22/%3E%27%0A%20%20%20%20%20%20%20%20%20+%20%27%3C/menupopup%3E%27%0A%20%20%20%20%20%20%20%20%20+%20%27%3Ctreecols%3E%3Ctreecol%20id%3D%22firstColumn%22%20label%3D%22Id%22%20width%3D%22200%22%27%0A%20%20%20%20%20%20%20%20%20+%20%27%20sortDirection%3D%22ascending%22%27%0A%20%20%20%20%20%20%20%20%20+%20%27%20onclick%3D%22opener.document.getElementById%28%5C%27%27%0A%20%20%20%20%20%20%20%20%20+%20this.id%20+%20%27%5C%27%29.reorder%28this%29%3B%22/%3E%3Csplitter%20class%3D%22tree-splitter%22/%3E%27%0A%20%20%20%20%20%20%20%20%20+%20%27%3Ctreecol%20id%3D%22secondColumn%22%20label%3D%22Image%20%26amp%3B%20Label%22%20flex%3D%221%22%27%0A%20%20%20%20%20%20%20%20%20+%20%27%20sortDirection%3D%22ascending%22%27%0A%20%20%20%20%20%20%20%20%20+%20%27%20onclick%3D%22opener.document.getElementById%28%5C%27%27%0A%20%20%20%20%20%20%20%20%20+%20this.id%20+%20%27%5C%27%29.reorder%28this%29%3B%22/%3E%27%0A%20%20%20%20%20%20%20%20%20+%20%27%3C/treecols%3E%3Ctreechildren%20id%3D%22treechildren%22/%3E%3C/tree%3E%27%0A%20%20%20%20%20%20%20%20%20+%20%27%3Cseparator%20class%3D%22thin%22/%3E%3Chbox%3E%27%0A%20%20%20%20%20%20%20%20%20+%20%27%3Cbutton%20label%3D%22Edit%22%27%0A%20%20%20%20%20%20%20%20%20+%20%27%20oncommand%3D%22opener.document.getElementById%28%5C%27%27%0A%20%20%20%20%20%20%20%20%20+%20this.id%20+%20%27%5C%27%29.edit%28%29%3B%22/%3E%27%0A%20%20%20%20%20%20%20%20%20+%20%27%3Cbutton%20label%3D%22Delete%22%27%0A%20%20%20%20%20%20%20%20%20+%20%27%20oncommand%3D%22opener.document.getElementById%28%5C%27%27%0A%20%20%20%20%20%20%20%20%20+%20this.id%20+%20%27%5C%27%29.remove%28%29%3B%22/%3E%27%0A%20%20%20%20%20%20%20%20%20+%20%27%3Cbutton%20label%3D%22Attributes%22%27%0A%20%20%20%20%20%20%20%20%20+%20%27%20oncommand%3D%22opener.document.getElementById%28%5C%27%27%0A%20%20%20%20%20%20%20%20%20+%20this.id%20+%20%27%5C%27%29.attr%28%29%3B%22/%3E%27%0A%20%20%20%20%20%20%20%20%20+%20%27%3Cbutton%20label%3D%22Properties%22%27%0A%20%20%20%20%20%20%20%20%20+%20%27%20oncommand%3D%22opener.document.getElementById%28%5C%27%27%0A%20%20%20%20%20%20%20%20%20+%20this.id%20+%20%27%5C%27%29.prop%28%29%3B%22/%3E%27%0A%20%20%20%20%20%20%20%20%20+%20%27%3Cbutton%20label%3D%22URI%22%27%0A%20%20%20%20%20%20%20%20%20+%20%27%20oncommand%3D%22opener.document.getElementById%28%5C%27%27%0A%20%20%20%20%20%20%20%20%20+%20this.id%20+%20%27%5C%27%29.link%28%29%3B%22/%3E%27%0A%20%20%20%20%20%20%20%20%20+%20%27%3Cbutton%20label%3D%22DOMi%22%27%0A%20%20%20%20%20%20%20%20%20+%20%27%20oncommand%3D%22opener.document.getElementById%28%5C%27%27%0A%20%20%20%20%20%20%20%20%20+%20this.id%20+%20%27%5C%27%29.inspect%28%29%3B%22/%3E%27%0A%20%20%20%20%20%20%20%20%20+%20%27%3Cbutton%20label%3D%22XML%22%27%0A%20%20%20%20%20%20%20%20%20+%20%27%20oncommand%3D%22opener.document.getElementById%28%5C%27%27%0A%20%20%20%20%20%20%20%20%20+%20this.id%20+%20%27%5C%27%29.saveXML%28%29%3B%22/%3E%27%0A%20%20%20%20%20%20%20%20%20+%20%27%3C/hbox%3E%3C/vbox%3E%3C/window%3E%27%3B%0A%0A//var%20css%20%3D%20%22data%3Atext/css%2C%22%20+%20encodeURIComponent%28%22treechildren%3A%3A-moz-tree-cell-text%20%7B%20color%3A%20blue%3B%20%7D%22%29%3B%0Avar%20css%20%3D%20%22%22%3B%0Adata%20%3D%20%27%3C%3Fxml%20version%3D%221.0%22%3F%3E%3C%3Fxml-stylesheet%20href%3D%22chrome%3A//global/skin/%22%20type%3D%22text/css%22%3F%3E%27%20+%0A%20%20%20%20%20%20%20%27%3C%3Fxml-stylesheet%20href%3D%22%27%20+%20css%20+%20%27%22%20type%3D%22text/css%22%3F%3E%27%20+%20data%3B%0A%0Avar%20dialog%3B%0A%0Afunction%20getImage%28s%29%20%7B%0A%20%20if%20%28s%20%3D%3D%20%22custombuttons-stdicon-1%22%29%20return%20%22chrome%3A//custombuttons/skin/button.png%22%3B%0A%20%20if%20%28s%20%3D%3D%20%22custombuttons-stdicon-2%22%29%20return%20%22chrome%3A//custombuttons/skin/stdicons/rbutton.png%22%3B%0A%20%20if%20%28s%20%3D%3D%20%22custombuttons-stdicon-3%22%29%20return%20%22chrome%3A//custombuttons/skin/stdicons/gbutton.png%22%3B%0A%20%20if%20%28s%20%3D%3D%20%22custombuttons-stdicon-4%22%29%20return%20%22chrome%3A//custombuttons/skin/stdicons/bbutton.png%22%3B%0A%20%20return%20%22http%3A//forum.mozilla-russia.org/uploaded/custombuttons_button.png%22%3B%0A%7D%0A%0Afunction%20openTab%28arr%29%20%7B%0A%20%20for%20%28var%20i%20%3D%200%3B%20i%20%3C%20arr.length%3B%20i++%29%20%7B%0A%20%20%20%20var%20converter%20%3D%20Components.classes%5B%22@mozilla.org/intl/scriptableunicodeconverter%22%5D.%0A%20%20%20%20%20%20createInstance%28Components.interfaces.nsIScriptableUnicodeConverter%29%3B%0A%20%20%20%20converter.charset%20%3D%20%22UTF-8%22%3B%0A%20%20%20%20arr%5Bi%5D%20%3D%20converter.ConvertFromUnicode%28arr%5Bi%5D%29%3B%0A%20%20%20%20arr%5Bi%5D%20%3D%20arr%5Bi%5D.replace%28/%26/g%2C%20%22%26amp%3B%22%29%3B%0A%20%20%20%20arr%5Bi%5D%20%3D%20arr%5Bi%5D.replace%28/%3E/g%2C%20%22%26gt%3B%22%29%3B%0A%20%20%20%20arr%5Bi%5D%20%3D%20arr%5Bi%5D.replace%28/%3C/g%2C%20%22%26lt%3B%22%29%3B%0A%20%20%20%20arr%5Bi%5D%20%3D%20arr%5Bi%5D.replace%28/%22/g%2C%20%22%26quot%3B%22%29%3B%0A%20%20%20%20arr%5Bi%5D%20%3D%20arr%5Bi%5D.replace%28/%27/g%2C%20%22%26apos%3B%22%29%3B%0A%20%20%7D%0A%20%20var%20data%20%3D%20%27%3C%21DOCTYPE%20HTML%20PUBLIC%20%22-//W3C//DTD%20HTML%204.01//EN%22%3E%27%3B%0A%20%20data%20+%3D%20%22%3Chtml%3E%3Chead%3E%3Ctitle%3E%22%20+%20arr%5B1%5D%20+%20%22%3C/title%3E%22%3B%0A%20%20data%20+%3D%20%27%3Cmeta%20http-equiv%3D%22Content-Type%22%20content%3D%22text/html%3B%20charset%3DUTF-8%22%3E%27%3B%0A%20%20data%20+%3D%20%22%3C/head%3E%3Cbody%3E%3Cpre%3E%22%20+%20arr.join%28%22%5Cn%5Cn%22%29%20+%20%22%3C/pre%3E%3C/body%3E%3C/html%3E%22%3B%0A%20%20var%20info%20%3D%20Components.classes%5B%22@mozilla.org/xre/app-info%3B1%22%5D.%0A%20%20%20%20getService%28Components.interfaces.nsIXULAppInfo%29%3B%0A%20%20if%20%28info.name%20%3D%3D%20%22Firefox%22%20%7C%7C%20info.name%20%3D%3D%20%22SeaMonkey%22%29%20%7B%0A%20%20%20%20gBrowser.addTab%28%22data%3Atext/html%3Bcharset%3Dutf-8%3Bbase64%2C%22%20+%20btoa%28data%29%29%3B%0A%20%20%7D%0A%20%20if%20%28info.name%20%3D%3D%20%22Thunderbird%22%29%20%7B%0A%20%20%20%20openContentTab%28%22data%3Atext/html%3Bcharset%3Dutf-8%3Bbase64%2C%22%20+%20btoa%28data%29%29%3B%0A%20%20%7D%0A%7D%0A%0Athis.openWindow%20%3D%20function%28%29%20%7B%0A%20%20var%20url%20%3D%20%22data%3Aapplication/vnd.mozilla.xul+xml%2C%22%20+%20data%3B%0A%20%20var%20winname%20%3D%20%22CB-Troubleshooter%22%3B%0A%20%20var%20feature%20%3D%20%22chrome%2Ccenterscreen%2Cwidth%3D600%2Cheight%3D200%2Cdialog%3Dno%22%3B%0A%0A%20%20var%20em%20%3D%20Components.classes%5B%22@mozilla.org/embedcomp/window-watcher%3B1%22%5D%0A%20%20%20%20%20%20%20%20%20%20%20%20%20%20%20%20%20%20%20%20%20.getService%28Components.interfaces.nsIWindowWatcher%29%0A%20%20%20%20%20%20%20%20%20%20%20%20%20%20%20%20%20%20%20%20%20.getWindowEnumerator%28%29%3B%0A%20%20var%20index%20%3D%201%3B%0A%20%20while%20%28em.hasMoreElements%28%29%29%20%7B%0A%20%20%20%20var%20win%20%3D%20em.getNext%28%29%3B%0A%20%20%20%20if%20%28win.name%20%3D%3D%20winname%29%20%7B%0A%20%20%20%20%20%20win.focus%28%29%3B%0A%20%20%20%20%20%20return%3B%0A%20%20%20%20%7D%0A%20%20%20%20index++%0A%20%20%7D%0A%20%20dialog%20%3D%20window.openDialog%28url%2C%20winname%2C%20feature%29%3B%0A%7D%0A%0Athis.load%20%3D%20function%28%29%20%7B%0A%20%20var%20nodeList%20%3D%20document.querySelectorAll%28%22toolbarbutton%5Bid%5E%3D%27custombuttons-button%27%5D%22%29%3B%0A%20%20var%20children%20%3D%20dialog.document.getElementById%28%22treechildren%22%29%3B%0A%20%20for%20%28var%20i%20%3D%200%3B%20i%20%3C%20nodeList.length%3B%20i++%29%20%7B%0A%20%20%20%20var%20item%20%3D%20document.createElement%28%22treeitem%22%29%3B%0A%20%20%20%20var%20row%20%3D%20document.createElement%28%22treerow%22%29%3B%0A%20%20%20%20var%20cell%20%3D%20document.createElement%28%22treecell%22%29%3B%0A%20%20%20%20cell.setAttribute%28%22label%22%2C%20nodeList%5Bi%5D.id%29%3B%0A%20%20%20%20row.appendChild%28cell%29%3B%0A%20%20%20%20var%20cell%20%3D%20document.createElement%28%22treecell%22%29%3B%0A%20%20%20%20cell.setAttribute%28%22src%22%2C%20nodeList%5Bi%5D.image%20%7C%7C%20getImage%28nodeList%5Bi%5D.cbStdIcon%29%29%3B%0A%20%20%20%20cell.setAttribute%28%22label%22%2C%20String.fromCharCode%2832%2C%2032%29%20+%20nodeList%5Bi%5D.label%29%3B%0A%20%20%20%20row.appendChild%28cell%29%3B%0A%20%20%20%20item.appendChild%28row%29%3B%0A%20%20%20%20children.appendChild%28item%29%3B%0A%20%20%7D%0A%20%20dialog.document.getElementById%28%22tree%22%29.focus%28%29%3B%0A%20%20dialog.document.getElementById%28%22tree%22%29.view.selection.select%280%29%3B%0A%20%20dialog.resizeTo%28800%2C%20600%29%3B%0A%7D%0A%0Athis.reorder%20%3D%20function%28node%29%20%7B%0A%20%20var%20nodeList%20%3D%20document.getElementsByTagName%28%22toolbarbutton%22%29%3B%0A%20%20var%20orderArr%20%3D%20new%20Array%28%29%3B%0A%20%20for%20%28var%20i%20%3D%200%3B%20i%20%3C%20nodeList.length%3B%20i++%29%20%7B%0A%20%20%20%20if%20%28nodeList%5Bi%5D.id.search%28%22custombuttons-button%22%29%20%3D%3D%200%29%20%7B%0A%20%20%20%20%20%20var%20item%20%3D%20document.createElement%28%22treeitem%22%29%3B%0A%20%20%20%20%20%20var%20row%20%3D%20document.createElement%28%22treerow%22%29%3B%0A%20%20%20%20%20%20var%20cell%20%3D%20document.createElement%28%22treecell%22%29%3B%0A%20%20%20%20%20%20cell.setAttribute%28%22label%22%2C%20nodeList%5Bi%5D.id%29%3B%0A%20%20%20%20%20%20row.appendChild%28cell%29%3B%0A%20%20%20%20%20%20var%20cell%20%3D%20document.createElement%28%22treecell%22%29%3B%0A%20%20%20%20%20%20cell.setAttribute%28%22src%22%2C%20nodeList%5Bi%5D.image%20%7C%7C%20getImage%28nodeList%5Bi%5D.cbStdIcon%29%29%3B%0A%20%20%20%20%20%20cell.setAttribute%28%22label%22%2C%20String.fromCharCode%2832%2C%2032%29%20+%20nodeList%5Bi%5D.label%29%3B%0A%20%20%20%20%20%20row.appendChild%28cell%29%3B%0A%20%20%20%20%20%20item.appendChild%28row%29%3B%0A%20%20%20%20%20%20orderArr.push%28%5BnodeList%5Bi%5D.id.substring%2820%29%2C%20nodeList%5Bi%5D.label.toLowerCase%28%29%2C%20item%5D%29%3B%0A%20%20%20%20%7D%0A%20%20%7D%0A%0A%20%20var%20id%20%3D%20node.getAttribute%28%22id%22%29%3B%0A%20%20var%20sortDirection%20%3D%20node.getAttribute%28%22sortDirection%22%29%3B%0A%20%20if%20%28id%20%3D%3D%20%22firstColumn%22%20%26%26%20sortDirection%20%3D%3D%20%22ascending%22%29%20orderArr.sort%28function%28a%2C%20b%29%20%7B%20return%20a%5B0%5D%20-%20b%5B0%5D%20%7D%29%3B%0A%20%20if%20%28id%20%3D%3D%20%22firstColumn%22%20%26%26%20sortDirection%20%3D%3D%20%22descending%22%29%20orderArr.sort%28function%28a%2C%20b%29%20%7B%20return%20b%5B0%5D%20-%20a%5B0%5D%20%7D%29%3B%0A%20%20if%20%28id%20%3D%3D%20%22secondColumn%22%20%26%26%20sortDirection%20%3D%3D%20%22ascending%22%29%20orderArr.sort%28function%28a%2C%20b%29%20%7B%20return%20a%5B1%5D%20%3E%20b%5B1%5D%20%7D%29%3B%0A%20%20if%20%28id%20%3D%3D%20%22secondColumn%22%20%26%26%20sortDirection%20%3D%3D%20%22descending%22%29%20orderArr.sort%28function%28a%2C%20b%29%20%7B%20return%20a%5B1%5D%20%3C%20b%5B1%5D%20%7D%29%3B%0A%20%20node.setAttribute%28%22sortDirection%22%2C%20sortDirection%20%3D%3D%20%22descending%22%20%3F%20%22ascending%22%20%3A%20%22descending%22%29%3B%0A%20%20var%20children%20%3D%20dialog.document.getElementById%28%22treechildren%22%29%3B%0A%20%20for%20%28var%20i%20%3D%200%3B%20i%20%3C%20children.childNodes.length%3B%20i++%29%20%7B%0A%20%20%20%20children.appendChild%28orderArr%5Bi%5D%5B2%5D%29%3B%0A%20%20%20%20children.removeChild%28children.firstChild%29%3B%0A%20%20%7D%0A%20%20dialog.document.getElementById%28%22tree%22%29.focus%28%29%3B%0A%20%20dialog.document.getElementById%28%22tree%22%29.view.selection.select%280%29%3B%0A%7D%0A%0Athis.edit%20%3D%20function%28%29%20%7B%0A%20%20var%20id%20%3D%20dialog.document.getElementById%28%22tree%22%29.view.getCellText%28%0A%20%20%20%20dialog.document.getElementById%28%22tree%22%29.view.selection.currentIndex%2C%0A%20%20%20%20dialog.document.getElementById%28%22tree%22%29.columns.getColumnAt%280%29%29%3B%0A%20%20custombuttons.editButton%28document.getElementById%28id%29%29%3B%0A%20%20dialog.close%28%29%3B%0A%7D%0A%0Athis.remove%20%3D%20function%28%29%20%7B%0A%20%20var%20id%20%3D%20dialog.document.getElementById%28%22tree%22%29.view.getCellText%28%0A%20%20%20%20dialog.document.getElementById%28%22tree%22%29.view.selection.currentIndex%2C%0A%20%20%20%20dialog.document.getElementById%28%22tree%22%29.columns.getColumnAt%280%29%29%3B%0A%20%20custombuttons.removeButton%28document.getElementById%28id%29%29%3B%0A%20%20dialog.close%28%29%3B%0A%7D%0A%0Athis.attr%20%3D%20function%28%29%20%7B%0A%20%20var%20id%20%3D%20dialog.document.getElementById%28%22tree%22%29.view.getCellText%28%0A%20%20%20%20dialog.document.getElementById%28%22tree%22%29.view.selection.currentIndex%2C%0A%20%20%20%20dialog.document.getElementById%28%22tree%22%29.columns.getColumnAt%280%29%29%3B%0A%20%20var%20node%20%3D%20document.getElementById%28id%29%3B%0A%20%20var%20out%20%3D%20new%20Array%28%29%3B%0A%20%20out.push%28%27windowtype%3D%22%27%20+%20document.documentElement.getAttribute%28%22windowtype%22%29%20+%20%27%22%20id%3D%22%27%20+%20id%20+%20%27%22%27%29%3B%0A%20%20out.push%28%22Attributes%22%29%3B%0A%20%20for%20%28var%20i%20%3D%200%3B%20i%20%3C%20node.attributes.length%3B%20i++%29%20%7B%0A%20%20%20%20if%20%28node.attributes%5Bi%5D.nodeName%20%3D%3D%20%22cb-oncommand%22%20%7C%7C%0A%20%20%20%20%20%20%20%20node.attributes%5Bi%5D.nodeName%20%3D%3D%20%22cb-init%22%20%20%20%20%20%20%7C%7C%0A%20%20%20%20%20%20%20%20node.attributes%5Bi%5D.nodeName%20%3D%3D%20%22Help%22%29%20%7B%0A%20%20%20%20%20%20out.push%28node.attributes%5Bi%5D.nodeName%20+%20%22%20%22%20+%20typeof%20node.attributes%5Bi%5D.nodeValue%20+%20%22%5Cn%22%20+%20%22%5Bomitted%5D%22%29%3B%0A%20%20%20%20%7D%20else%20%7B%0A%20%20%20%20%20%20out.push%28node.attributes%5Bi%5D.nodeName%20+%20%22%20%22%20+%20typeof%20node.attributes%5Bi%5D.nodeValue%20+%20%22%5Cn%22%20+%20node.attributes%5Bi%5D.nodeValue%29%3B%0A%20%20%20%20%7D%0A%20%20%7D%0A%20%20openTab%28out%29%3B%0A%20%20//dialog.close%28%29%3B%0A%7D%0A%0Athis.prop%20%3D%20function%28%29%20%7B%0A%20%20var%20id%20%3D%20dialog.document.getElementById%28%22tree%22%29.view.getCellText%28%0A%20%20%20%20dialog.document.getElementById%28%22tree%22%29.view.selection.currentIndex%2C%0A%20%20%20%20dialog.document.getElementById%28%22tree%22%29.columns.getColumnAt%280%29%29%3B%0A%20%20var%20node%20%3D%20document.getElementById%28id%29%3B%0A%20%20var%20out%20%3D%20new%20Array%28%29%3B%0A%20%20out.push%28%27windowtype%3D%22%27%20+%20document.documentElement.getAttribute%28%22windowtype%22%29%20+%20%27%22%20id%3D%22%27%20+%20id%20+%20%27%22%27%29%3B%0A%20%20out.push%28%22Properties%22%29%3B%0A%20%20for%20%28var%20i%20in%20node%29%20%7B%0A%20%20%20%20if%20%28i%20%3D%3D%20%22cbCommand%22%20%20%7C%7C%0A%20%20%20%20%20%20%20%20i%20%3D%3D%20%22cbInitCode%22%20%7C%7C%0A%20%20%20%20%20%20%20%20i%20%3D%3D%20%22Help%22%20%20%20%20%20%20%20%7C%7C%0A%20%20%20%20%20%20%20%20i%20%3D%3D%20%22URI%22%29%20%7B%0A%20%20%20%20%20%20out.push%28i%20+%20%22%20%22%20+%20typeof%20node%5Bi%5D%20+%20%22%5Cn%22%20+%20%22%5Bomitted%5D%22%29%3B%0A%20%20%20%20%7D%20else%20%7B%0A%20%20%20%20%20%20out.push%28i%20+%20%22%20%22%20+%20typeof%20node%5Bi%5D%20+%20%22%5Cn%22%20+%20node%5Bi%5D%29%3B%0A%20%20%20%20%7D%0A%20%20%7D%0A%20%20openTab%28out%29%3B%0A%20%20//dialog.close%28%29%3B%0A%7D%0A%0Athis.link%20%3D%20function%28%29%20%7B%0A%20%20var%20id%20%3D%20dialog.document.getElementById%28%22tree%22%29.view.getCellText%28%0A%20%20%20%20dialog.document.getElementById%28%22tree%22%29.view.selection.currentIndex%2C%0A%20%20%20%20dialog.document.getElementById%28%22tree%22%29.columns.getColumnAt%280%29%29%3B%0A%20%20var%20out%20%3D%20new%20Array%28%29%3B%0A%20%20out.push%28%27windowtype%3D%22%27%20+%20document.documentElement.getAttribute%28%22windowtype%22%29%20+%20%27%22%20id%3D%22%27%20+%20id%20+%20%27%22%27%29%3B%0A%20%20out.push%28%22URI%22%29%3B%0A%20%20out.push%28unescape%28document.getElementById%28id%29.URI%29%29%3B%0A%20%20openTab%28out%29%3B%0A%20%20//dialog.close%28%29%3B%0A%7D%0A%0Athis.inspect%20%3D%20function%28%29%20%7B%0A%20%20if%20%28typeof%28inspectDOMDocument%29%20%3D%3D%20%22undefined%22%29%20%7B%0A%20%20%20%20custombuttons.alertBox%28this.label%2C%20%22DOM%20Inspector%20is%20not%20enabled%20or%20installed.%22%29%3B%0A%20%20%20%20return%3B%0A%20%20%7D%0A%20%20var%20id%20%3D%20dialog.document.getElementById%28%22tree%22%29.view.getCellText%28%0A%20%20%20%20dialog.document.getElementById%28%22tree%22%29.view.selection.currentIndex%2C%0A%20%20%20%20dialog.document.getElementById%28%22tree%22%29.columns.getColumnAt%280%29%29%3B%0A%20%20//inspectDOMNode%28document.getElementById%28id%29%29%3B%0A%20%20inspectObject%28document.getElementById%28id%29%29%3B%0A%20%20//dialog.close%28%29%3B%0A%7D%0A%0Athis.saveXML%20%3D%20function%28%29%20%7B%0A%20%20var%20button%20%3D%20null%3B%0A%20%20var%20buttons%20%3D%20document.querySelectorAll%28%22toolbarbutton%5Bcb-init%5D%22%29%3B%0A%20%20for%20%28var%20i%20%3D%200%3B%20i%20%3C%20buttons.length%3B%20i++%29%20%7B%0A%20%20%20%20if%20%28%22saveXML%22%20in%20%20buttons%5Bi%5D%29%20%7B%0A%20%20%20%20%20%20button%20%3D%20buttons%5Bi%5D%3B%0A%20%20%20%20%20%20break%3B%0A%20%20%20%20%7D%0A%20%20%7D%0A%20%20if%20%28%21button%29%20%7B%0A%20%20%20%20custombuttons.alertBox%28this.label%2C%20%22Custom%20Buttons%20XML%20Exporter/Importer%20is%20not%20installed%20or%20is%20disabled.%22%29%3B%0A%20%20%20%20return%3B%0A%20%20%7D%0A%20%20var%20id%20%3D%20dialog.document.getElementById%28%22tree%22%29.view.getCellText%28%0A%20%20%20%20dialog.document.getElementById%28%22tree%22%29.view.selection.currentIndex%2C%0A%20%20%20%20dialog.document.getElementById%28%22tree%22%29.columns.getColumnAt%280%29%29%3B%0A%20%20button.saveXML%28document.getElementById%28id%29.URI%29%3B%0A%20%20//return%20dialog.close%28%29%3B%0A%7D%0A%0A//%20Better%20use%20the%20%22Code%22%20tab%20or%20%22oncommand%22%20than%20adding%20%22onclick%22%0A//%20if%20it%20doesn%27t%20send%20any%20click%20events%0A//%20this.setAttribute%28%22onclick%22%2C%20%22custombuttons.gQuot.mHandler%28event%2C%20this%29%22%29%3B%0A%0A////////////////////////////////////////////////////////////////////////////%0A///////////////////////////%20Start%20Button%20updater%20///////////////////////////%0A%0A/*%20*****%20BEGIN%20LICENSE%20BLOCK%20*****%0A%20*%20Version%3A%20MPL%201.1/GPL%202.0%0A%20*%0A%20*%20The%20contents%20of%20this%20file%20are%20subject%20to%20the%20Mozilla%20Public%20License%0A%20*%20Version%201.1%20%28the%20%22License%22%29%3B%20you%20may%20not%20use%20this%20file%20except%20in%0A%20*%20compliance%20with%20the%20License.%20You%20may%20obtain%20a%20copy%20of%20the%20License%20at%0A%20*%20http%3A//www.mozilla.org/MPL/1.1/%0A%20*%0A%20*%20Software%20distributed%20under%20the%20License%20is%20distributed%20on%20an%20%22AS%20IS%22%20basis%2C%0A%20*%20WITHOUT%20WARRANTY%20OF%20ANY%20KIND%2C%20either%20express%20or%20implied.%20See%20the%20License%0A%20*%20for%20the%20specific%20language%20governing%20rights%20and%20limitations%20under%20the%0A%20*%20License.%0A%20*%0A%20*%20Original%20code%20is%20Button%20Updater%20for%20Custom%20Buttons%20extension%0A%20*%0A%20*%20The%20Initial%20Developer%20of%20the%20Original%20Code%20is%20LouCypher.%0A%20*%20Portions%20created%20by%20the%20Initial%20Developer%20are%20Copyright%20%28C%29%202011%0A%20*%20the%20Initial%20Developer.%20All%20Rights%20Reserved.%0A%20*%0A%20*%20Contributor%28s%29%3A%0A%20*%20-%20LouCypher%3A%20original%20code%0A%20*%0A%20*%20Alternatively%2C%20the%20contents%20of%20this%20file%20may%20be%20used%20under%20the%20terms%20of%0A%20*%20the%20GNU%20General%20Public%20License%20Version%202%20or%20later%20%28the%20%22GPL%22%29%2C%20in%20which%0A%20*%20case%20the%20provisions%20of%20the%20GPL%20are%20applicable%20instead%20of%20those%20above.%0A%20*%0A%20*%20*****%20END%20LICENSE%20BLOCK%20*****%20*/%0A%0Athis.updater%20%3D%20%7B%0A%20%20btnClick%3A%20self.onclick%2C%0A%20%20btnType%3A%20self.type%2C%0A%20%20btnImage%3A%20self.image%2C%0A%20%20btnTooltip%3A%20self.tooltipText%2C%0A%0A%20%20baseURL%3A%20%22https%3A//loucypher.googlecode.com/svn/custombuttons/xml/mods/%22%2C%0A%0A%20%20get%20updateURL%28%29%20%7B%0A%20%20%20%20return%20this.baseURL%20+%20encodeURIComponent%28self.name.replace%28/%28%5C/%7C%3A%29/g%2C%20%22-%22%29%29%0A%20%20%20%20%20%20%20%20%20%20%20%20%20%20%20%20%20%20%20%20%20%20%20%20+%20%22.xml%22%3B%0A%20%20%7D%2C%0A%0A%20%20openUpdateURL%3A%20function%20updater_openUpdateURL%28%29%20%7B%0A%20%20%20%20switchToTabHavingURI%28this.updateURL%29%3B%0A%20%20%7D%2C%0A%0A%20%20get%20stdIcon%28%29%20%7B%0A%20%20%20%20var%20stdIcon%20%3D%20parseInt%28self.cbStdIcon.match%28/%5Cd/%29%29%3B%0A%20%20%20%20switch%20%28stdIcon%29%20%7B%0A%20%20%20%20%20%20%20case%204%3A%20return%20%22chrome%3A//custombuttons/skin/stdicons/bbutton.png%22%3B%0A%20%20%20%20%20%20%20case%203%3A%20return%20%22chrome%3A//custombuttons/skin/stdicons/gbutton.png%22%3B%0A%20%20%20%20%20%20%20case%202%3A%20return%20%22chrome%3A//custombuttons/skin/stdicons/rbutton.png%22%3B%0A%20%20%20%20%20%20default%3A%20return%20%22chrome%3A//custombuttons/skin/button.png%22%3B%0A%20%20%20%20%7D%0A%20%20%7D%2C%0A%0A%20%20get%20bsyIcon%28%29%20%7B%0A%20%20%20%20switch%20%28Application.id%29%20%7B%0A%20%20%20%20%20%20case%20%22%7Bec8030f7-c20a-464f-9b0e-13a3a9e97384%7D%22%3A%0A%20%20%20%20%20%20%20%20if%20%28Application.version%20%3E%3D%20%224%22%29%20%7B%0A%20%20%20%20%20%20%20%20%20%20return%20%22chrome%3A//browser/skin/tabbrowser/connecting.png%22%3B%0A%20%20%20%20%20%20%20%20%7D%20else%20%7B%0A%20%20%20%20%20%20%20%20%20%20return%20%22chrome%3A//global/skin/icons/loading_16.png%22%3B%0A%20%20%20%20%20%20%20%20%7D%0A%20%20%20%20%20%20case%20%22%7B92650c4d-4b8e-4d2a-b7eb-24ecf4f6b63a%7D%22%3A%0A%20%20%20%20%20%20%20%20return%20%22chrome%3A//communicator/skin/icons/loading.gif%22%3B%0A%20%20%20%20%20%20default%3A%0A%20%20%20%20%20%20%20%20return%20%22chrome%3A//global/skin/icons/loading_16.png%22%3B%0A%20%20%20%20%7D%0A%20%20%7D%2C%0A%0A%20%20//%20Check%20if%20the%20URI%20is%20Custom%20Button%20URI%20%28custombutton%3A//...%29%0A%20%20isValidCbURI%3A%20function%20updater_isValidCbURI%28aURL%29%20%7B%0A%20%20%20%20if%20%28%21aURL%29%20return%20false%3B%0A%20%20%20%20return%20/%5Ecustombutton%5C%3A%5C/%5C//.test%28aURL%29%3B%0A%20%20%7D%2C%0A%0A%20%20//%20Convert%20%27custombutton%3A%27%20URI%20to%20DOM%0A%20%20convertURItoDOM%3A%20function%20updater_convertURItoDOM%28aURL%29%20%7B%0A%20%20%20%20if%20%28%21this.isValidCbURI%28aURL%29%29%20%7B%0A%20%20%20%20%20%20custombuttons.alertBox%28self.name%2C%20%22Not%20a%20Custom%20Buttons%20link%21%22%29%3B%0A%20%20%20%20%20%20return%3B%0A%20%20%20%20%7D%0A%20%20%20%20var%20string%20%3D%20unescape%28aURL.replace%28/%5Ecustombutton%5C%3A%5C/%5C//%2C%20%22%22%29.toString%28%29%29%3B%0A%20%20%20%20var%20parser%20%3D%20new%20DOMParser%28%29%3B%0A%20%20%20%20var%20dom%20%3D%20parser.parseFromString%28string%2C%20%22text/xml%22%29%3B%0A%20%20%20%20if%20%28dom.documentElement.nodeName%20%3D%3D%20%22parsererror%22%29%20%7B%0A%20%20%20%20%20%20return%20null%3B%0A%20%20%20%20%7D%20else%20%7B%0A%20%20%20%20%20%20return%20dom.documentElement%3B%0A%20%20%20%20%7D%0A%20%20%7D%2C%0A%0A%20%20//%20Get%20value%20from%20XML%20element%0A%20%20getParamValue%3A%20function%20updater_getParamValue%28aDocument%2C%20aNodeName%29%20%7B%0A%20%20%20%20var%20node%20%3D%20aDocument.querySelector%28aNodeName%29%3B%0A%20%20%20%20if%20%28%21node%29%20return%20%22%22%3B%0A%20%20%20%20if%20%28%21node.firstChild%20%7C%7C%20%28node.firstChild%20%26%26%0A%20%20%20%20%20%20%20%20%28node.firstChild.nodeType%20%3D%3D%20node.TEXT_NODE%29%29%29%20%7B%0A%20%20%20%20%20%20return%20node.textContent%3B%0A%20%20%20%20%7D%20else%20%7B%0A%20%20%20%20%20%20return%20node.firstChild.textContent%3B%0A%20%20%20%20%7D%0A%20%20%7D%2C%0A%0A%20%20//%20Set%20button%20parameters%20from%20XML%20alement%0A%20%20getButtonParameters%3A%20function%20updater_getButtonParameters%28aButtonLink%2C%20aURL%29%20%7B%0A%20%20%20%20var%20dom%20%3D%20this.convertURItoDOM%28aURL%29%3B%0A%20%20%20%20var%20params%20%3D%20custombuttons.cbService.getButtonParameters%28aButtonLink%29%0A%20%20%20%20%20%20%20%20%20%20%20%20%20%20%20%20%20%20%20%20%20%20%20%20%20%20%20%20%20%20%20%20%20%20%20%20%20%20%20%20.wrappedJSObject%3B%0A%20%20%20%20params.name%20%20%20%20%20%20%20%20%20%20%20%20%20%3D%20this.getParamValue%28dom%2C%20%22name%22%29%0A%20%20%20%20params.date%20%20%20%20%20%20%20%20%20%20%20%20%20%3D%20this.getParamValue%28dom%2C%20%22date%22%29%20%7C%7C%20%22%22%3B%0A%20%20%20%20params.image%20%20%20%20%20%20%20%20%20%20%20%20%3D%20this.getParamValue%28dom%2C%20%22image%22%29%20%7C%7C%0A%20%20%20%20%20%20%20%20%20%20%20%20%20%20%20%20%20%20%20%20%20%20%20%20%20%20%20%20%20%20this.getParamValue%28dom%2C%20%22stdicon%22%29%3B%0A%20%20%20%20params.code%20%20%20%20%20%20%20%20%20%20%20%20%20%3D%20this.getParamValue%28dom%2C%20%22code%22%29%0A%20%20%20%20params.initCode%20%20%20%20%20%20%20%20%20%3D%20this.getParamValue%28dom%2C%20%22initcode%22%29%0A%20%20%20%20params.help%20%20%20%20%20%20%20%20%20%20%20%20%20%3D%20this.getParamValue%28dom%2C%20%22help%22%29%0A%20%20%20%20params.accelkey%20%20%20%20%20%20%20%20%20%3D%20this.getParamValue%28dom%2C%20%22accelkey%22%29%0A%20%20%20%20params.mode%20%20%20%20%20%20%20%20%20%20%20%20%20%3D%20this.getParamValue%28dom%2C%20%22mode%22%29%0A%20%20%20%20params.wrappedJSObject%20%20%3D%20params%3B%0A%20%20%20%20return%20params%3B%0A%20%20%7D%2C%0A%0A%20%20//%20Reset%20button%20attribute%20if%20user%20click%20the%20button%20during%20update%0A%20%20resetAttributes%3A%20function%20updater_resetAttributes%28%29%20%7B%0A%20%20%20%20self.image%20%3D%20this.btnImage%3B%0A%20%20%20%20self.tooltipText%20%3D%20self.name%3B%0A%20%20%20%20self.removeAttribute%28%22busy%22%29%3B%0A%20%20%20%20self.onclick%20%3D%20this.btnClick%3B%0A%20%20%20%20self.type%20%3D%20this.btnType%3B%0A%20%20%20%20self.tooltipText%20%3D%20this.btnTooltip%3B%0A%20%20%7D%2C%0A%0A%20%20//%20Check%20button%20for%20update%0A%20%20checkForUpdate%3A%20function%20updater_checkForUpdate%28aCallback%29%20%7B%0A%20%20%20%20if%20%28%21navigator.onLine%29%20%7B%20%20%20%20%20%20%20%20%20%20%20%20%20%20%20%20//%20If%20browser%20is%20in%20offline%20mode%0A%20%20%20%20%20%20%20%20%20%20%20%20%20%20%20%20%20%20%20%20%20%20%20%20%20%20%20%20%20%20%20%20%20%20%20%20%20%20%20%20%20%20%20%20//%20ask%20to%20switch%20to%20online%0A%20%20%20%20%20%20var%20online%20%3D%20custombuttons.confirmBox%28self.name%2C%0A%20%20%20%20%20%20%20%20%20%20%20%20%20%20%20%20%20%20%20%20%20%20%20%20%20%20%20%20%20%22Firefox%20is%20currently%20in%20offline%20mode.%5Cn%22%0A%20%20%20%20%20%20%20%20%20%20%20%20%20%20%20%20%20%20%20%20%20%20%20%20%20%20%20+%20%22Switch%20to%20online%20mode%20and%20try%20again%3F%22%2C%0A%20%20%20%20%20%20%20%20%20%20%20%20%20%20%20%20%20%20%20%20%20%20%20%20%20%20%20%20%20%22Yes%22%2C%20%22No%22%29%3B%0A%20%20%20%20%20%20if%20%28%21online%29%20return%3B%0A%20%20%20%20%20%20BrowserOffline.toggleOfflineStatus%28%29%3B%20//%20switch%20to%20online%0A%20%20%20%20%7D%0A%0A%20%20%20%20var%20url%20%3D%20this.updateURL%20+%20%22%3F%22%20+%20Date.now%28%29%3B%0A%20%20%20%20var%20req%20%3D%20new%20XMLHttpRequest%28%29%3B%0A%20%20%20%20req.open%28%22GET%22%2C%20url%2C%20true%29%3B%0A%20%20%20%20if%20%28self.hasAttribute%28%22busy%22%29%29%20%7B%0A%20%20%20%20%20%20this.resetAttributes%28%29%3B%0A%20%20%20%20%20%20return%0A%20%20%20%20%7D%0A%20%20%20%20var%20updater%20%3D%20this%3B%0A%20%20%20%20req.onreadystatechange%20%3D%20function%20%28aEvent%29%20%7B%0A%20%20%20%20%20%20self.onclick%20%3D%20function%28aEvent%29%20%7B%0A%20%20%20%20%20%20%20%20aEvent.preventDefault%28%29%3B%0A%20%20%20%20%20%20%20%20req.abort%28%29%3B%0A%20%20%20%20%20%20%20%20self.updater.resetAttributes%28%29%3B%0A%20%20%20%20%20%20%7D%0A%20%20%20%20%20%20self.image%20%3D%20updater.bsyIcon%3B%0A%20%20%20%20%20%20self.setAttribute%28%22busy%22%2C%20%22%22%29%3B%0A%20%20%20%20%20%20self.removeAttribute%28%22type%22%29%3B%0A%20%20%20%20%20%20self.tooltipText%20%3D%20%22Checking%20for%20update...%5CnClick%20to%20abort.%22%3B%0A%20%20%20%20%20%20if%20%28req.readyState%20%3D%3D%204%20%26%26%20req.status%20%3D%3D%20200%29%20%7B%0A%20%20%20%20%20%20%20%20updater.resetAttributes%28%29%3B%0A%20%20%20%20%20%20%20%20aCallback%28req.responseXML%29%3B%0A%20%20%20%20%20%20%7D%0A%20%20%20%20%7D%0A%20%20%20%20req.send%28null%29%3B%0A%20%20%7D%2C%0A%0A%20%20//%20Get%20update%20from%20XML%0A%20%20getUpdate%3A%20function%20updater_getUpdate%28aDocument%29%20%7B%0A%20%20%20%20if%20%28aDocument.documentElement.localName%20%21%3D%20%22custombutton%22%29%20%7B%0A%20%20%20%20%20%20custombuttons.alertBox%28self.name%2C%0A%20%20%20%20%20%20%20%20%20%20%20%20%20%20%20%20%20%20%20%20%20%20%20%20%20%20%20%20%20%22Not%20a%20valid%20Custom%20Buttons%20XML%20file%21%22%29%3B%0A%20%20%20%20%20%20return%3B%0A%20%20%20%20%7D%0A%0A%20%20%20%20//inspectDOMDocument%28aDocument%29%3B%20return%3B%0A%20%20%20%20let%20icon%20%3D%20self.updater.btnImage%20%3F%20self.updater.btnImage%0A%20%20%20%20%20%20%20%20%20%20%20%20%20%20%20%20%20%20%20%20%20%20%20%20%20%20%20%20%20%20%20%20%20%20%20%20%20%3A%20self.updater.stdIcon%3B%0A%20%20%20%20let%20button%20%3D%20aDocument.getElementById%28%22button%22%29%3B%0A%20%20%20%20let%20link%20%3D%20button.getElementsByTagNameNS%28xhtmlns%2C%20%22a%22%29%5B0%5D%3B%0A%20%20%20%20if%20%28link.href%20%3D%3D%20self.URI%29%20%7B%0A%20%20%20%20%20%20let%20as%20%3D%20Cc%5B%27@mozilla.org/alerts-service%3B1%27%5D.%0A%20%20%20%20%20%20%20%20%20%20%20%20%20%20%20getService%28Ci.nsIAlertsService%29%3B%0A%20%20%20%20%20%20as.showAlertNotification%28icon%2C%20%22No%20update%20found%21%22%2C%0A%20%20%20%20%20%20%20%20%20%20%20%20%20%20%20%20%20%20%20%20%20%20%20%20%20%20%20%20%20%20%20%22Finish%20checking%22%2C%20false%2C%20%22%22%2C%20null%29%3B%0A%20%20%20%20%20%20return%3B%0A%20%20%20%20%7D%20%0A%0A%20%20%20%20var%20install%20%3D%20custombuttons.confirmBox%28self.name%2C%20%22Update%20found%21%20%22%20+%0A%20%20%20%20%20%20%20%20%20%20%20%20%20%20%20%20%20%20%20%20%20%20%20%20%20%20%20%20%20%20%20%20%20%20%20%20%20%20%20%20%20%20%20%22Update%20this%20button%3F%22%2C%0A%20%20%20%20%20%20%20%20%20%20%20%20%20%20%20%20%20%20%20%20%20%20%20%20%20%20%20%20%20%20%20%20%20%20%20%20%20%20%20%20%20%20%20%22Yes%22%2C%20%22No%22%29%3B%0A%20%20%20%20if%20%28%21install%29%20return%3B%0A%20%20%20%20let%20btnLink%20%3D%20custombuttons.makeButtonLink%28%22update%22%2C%20self.id%29%3B%0A%20%20%20%20let%20params%20%3D%20self.updater.getButtonParameters%28btnLink%2C%20link.href%29%3B%0A%20%20%20%20//inspectObject%28params%29%3B%20return%3B%0A%20%20%20%20custombuttons.cbService.installButton%28params%29%3B%0A%20%20%20%20custombuttons.alertBox%28self.name%2C%20%22Button%20updated%21%22%29%3B%0A%20%20%20%20self.setAttribute%28%22cb-edit-state%22%2C%20%22active%22%29%3B%0A%20%20%7D%2C%0A%0A%20%20init%3A%20function%20updater_onLoad%28%29%20%7B%0A%0A%20%20%20%20var%20icon%20%3D%20this.btnImage%20%3F%20this.btnImage%20%3A%20this.stdIcon%3B%0A%0A%20%20%20%20function%20%24%28aId%29%20%7B%0A%20%20%20%20%20%20return%20document.getElementById%28aId%29%3B%0A%20%20%20%20%7D%0A%0A%20%20%20%20function%20addMenuItem%28aNewIDs%2C%20aNodeIDs%2C%20aSeparator%29%20%7B%0A%20%20%20%20%20%20//%20Remove%20previously%20created%20menuitems%20if%20any%0A%20%20%20%20%20%20if%20%28%24%28aNewIDs%29%29%20%7B%0A%20%20%20%20%20%20%20%20if%20%28aSeparator%20%26%26%0A%20%20%20%20%20%20%20%20%20%20%20%20%28%24%28aNewIDs%29.nextSibling.localName%20%3D%3D%20%22menuseparator%22%29%29%20%7B%0A%20%20%20%20%20%20%20%20%20%20%24%28aNewIDs%29.parentNode.removeChild%28%24%28aNewIDs%29.nextSibling%29%3B%0A%20%20%20%20%20%20%20%20%7D%0A%20%20%20%20%20%20%20%20%24%28aNewIDs%29.parentNode.removeChild%28%24%28aNewIDs%29%29%3B%0A%20%20%20%20%20%20%7D%0A%0A%20%20%20%20%20%20var%20mi%20%3D%20cbu.makeXML%28%0A%20%20%20%20%20%20%20%20%20%20%20%20%20%20%20%20%20%20%20%20%27%3Cmenuitem%20xmlns%3D%22%27%20+%20xulns%20+%20%27%22%27%0A%20%20%20%20%20%20%20%20%20%20%20%20%20%20%20%20%20%20+%20%27%20id%3D%22%27%20+%20aNewIDs%20+%20%27%22%27%0A%20%20%20%20%20%20%20%20%20%20%20%20%20%20%20%20%20%20+%20%27%20class%3D%22menuitem-iconic%22%27%0A%20%20%20%20%20%20%20%20%20%20%20%20%20%20%20%20%20%20+%20%27%20image%3D%22%27%20+%20icon%20+%20%27%22%27%0A%20%20%20%20%20%20%20%20%20%20%20%20%20%20%20%20%20%20+%20%27%20label%3D%22Check%20for%20updates%20for%20this%20button%22%27%0A%20%20%20%20%20%20%20%20%20%20%20%20%20%20%20%20%20%20+%20%27%20onclick%3D%22if%20%28event.button%20%3D%3D%201%29%20%7B%27%0A%20%20%20%20%20%20%20%20%20%20%20%20%20%20%20%20%20%20+%20%27%20var%20btn%20%3D%20document.getElementById%28%5C%27%27%0A%20%20%20%20%20%20%20%20%20%20%20%20%20%20%20%20%20%20+%20self.id%20+%20%27%5C%27%29%3B%20btn.updater.openUpdateURL%28%29%3B%20%7D%22%20%27%0A%20%20%20%20%20%20%20%20%20%20%20%20%20%20%20%20%20%20+%20%27%20oncommand%3D%22var%20btn%20%3D%20document.getElementById%28%5C%27%27%0A%20%20%20%20%20%20%20%20%20%20%20%20%20%20%20%20%20%20+%20self.id%20+%20%27%5C%27%29%3B%20btn.updater.checkForUpdate%28%27%0A%20%20%20%20%20%20%20%20%20%20%20%20%20%20%20%20%20%20+%20%27btn.updater.getUpdate%29%3B%22%27%0A%20%20%20%20%20%20%20%20%20%20%20%20%20%20%20%20%20%20+%20%27%20observes%3D%22custombuttons-contextbroadcaster-primary%22/%3E%27%29%3B%0A%20%20%20%20%20%20%24%28aNodeIDs%29.parentNode.insertBefore%28mi%2C%20%24%28aNodeIDs%29.nextSibling%29%3B%0A%20%20%20%20%20%20if%20%28aSeparator%29%20%7B%0A%20%20%20%20%20%20%20%20var%20sep%20%3D%20cbu.makeXML%28%27%3Cmenuseparator%20xmlns%3D%22%27%20+%20xulns%20+%20%27%22%27%0A%20%20%20%20%20%20%20%20%20%20%20%20%20%20%20%20%20%20%20%20%20%20%20%20%20%20%20%20+%20%27%20id%3D%22%27%20+%20mi.id%20+%20%27-separator%22/%3E%27%29%3B%0A%20%20%20%20%20%20%20%20mi.parentNode.insertBefore%28sep%2C%20mi.nextSibling%29%3B%0A%20%20%20%20%20%20%7D%0A%20%20%20%20%7D%0A%0A%20%20%20%20function%20initUpdaterCbPopup%28aEvent%29%20%7B%0A%20%20%20%20%20%20var%20popupNode%20%3D%20%22triggerNode%22%20in%20aEvent.target%0A%20%20%20%20%20%20%20%20%20%20%20%20%20%20%20%20%20%20%20%20%20%20%20%20%3F%20aEvent.target.triggerNode%20%3A%20document.popupNode%3B%0A%20%20%20%20%20%20%24%28kIDs%29.hidden%20%3D%20%28popupNode%20%21%3D%20self%29%3B%0A%20%20%20%20%20%20%28%24%28kIDs%29.nextSibling.id%20%3D%3D%20%24%28kIDs%29.id%20+%20%22-separator%22%29%20%26%26%0A%20%20%20%20%20%20%28%24%28kIDs%29.nextSibling.hidden%20%3D%20%28popupNode%20%21%3D%20self%29%29%3B%0A%20%20%20%20%7D%0A%0A%20%20%20%20var%20kIDs%20%3D%20self.id%20+%20%22-checkForUpdate%22%3B%0A%20%20%20%20var%20uIDs%20%3D%20%22custombuttons-contextpopup-updateButton%22%3B%0A%0A%20%20%20%20//%20Add%20%27Check%20for%20Update...%27%20menuitem%20to%20CB%20contextmenu%0A%20%20%20%20addMenuItem%28kIDs%2C%20uIDs%2C%20true%29%3B%0A%0A%20%20%20%20%24%28uIDs%29.parentNode.addEventListener%28%22popupshowing%22%2C%0A%20%20%20%20%20%20%20%20%20%20%20%20%20%20%20%20%20%20%20%20%20%20%20%20%20%20%20%20%20%20%20%20%20%20%20%20%20%20%20%20%20%20%20initUpdaterCbPopup%2C%20false%29%3B%0A%20%20%20%20%24%28uIDs%29.parentNode.removeEventListener%28%22popuphiding%22%2C%0A%20%20%20%20%20%20%20%20%20%20%20%20%20%20%20%20%20%20%20%20%20%20%20%20%20%20%20%20%20%20%20%20%20%20%20%20%20%20%20%20%20%20%20%20%20%20initUpdaterCbPopup%2C%20false%29%3B%0A%0A%20%20%20%20self.onDestroy%20%3D%20function%28aReason%29%20%7B%0A%20%20%20%20%20%20if%20%28aReason%20%21%3D%20%22delete%22%29%20return%3B%0A%20%20%20%20%20%20%24%28uIDs%29.parentNode.removeEventListener%28%22popupshowing%22%2C%0A%20%20%20%20%20%20%20%20%20%20%20%20%20%20%20%20%20%20%20%20%20%20%20%20%20%20%20%20%20%20%20%20%20%20%20%20%20%20%20%20%20%20%20%20%20initUpdaterCbPopup%2C%20false%29%3B%0A%20%20%20%20%20%20%24%28kIDs%29.parentNode.removeChild%28%24%28kIDs%20+%20%22-separator%22%29%29%3B%0A%20%20%20%20%20%20%24%28kIDs%29.parentNode.removeChild%28%24%28kIDs%29%29%3B%0A%20%20%20%20%7D%0A%20%20%7D%0A%7D%0A%0Athis.updater.init%28%29%3B%0A%0A////////////////////////////%20End%20Button%20updater%20////////////////////////////%0A////////////////////////////////////////////////////////////////////////////%5D%5D%3E%3C/initcode%3E%0A%20%20%3Ccode%3E%3C%21%5BCDATA%5Bthis.openWindow%28%29%3B%5D%5D%3E%3C/code%3E%0A%20%20%3Caccelkey%3E%3C%21%5BCDATA%5B%5D%5D%3E%3C/accelkey%3E%0A%20%20%3Chelp%3E%3C%21%5BCDATA%5B%5D%5D%3E%3C/help%3E%0A%20%20%3Cattributes/%3E%0A%3C/custombutton%3E" rel="nofollow" title="Install Troubleshoot Custom Buttons">
        <![CDATA[Install this button]]>
        </html:a>
      </html:div>
      <html:a href="https://addons.mozilla.org/addon/custom-buttons/?src=external-custombuttons-xml">
        <![CDATA[What's this?]]>
      </html:a>
      <html:div id="credits">
        <html:a href="http://custombuttons.sourceforge.net/forum/viewtopic.php?t=78#p197">
          <![CDATA[Custom Buttons XML]]><html:br/><![CDATA[Exporter/Importer]]>
        </html:a>
      </html:div>
    </html:div>
  </html:body>
  <name>Troubleshoot Custom Buttons</name>
  <image><![CDATA[custombuttons-stdicon-2]]></image>
  <mode>0</mode>
  <initcode><![CDATA[// by morat
// http://custombuttons.mozdev.org/drupal/content/troubleshoot-custom-buttons

this.label = this.tooltipText = "Custom Buttons Manager";

var data = '<window xmlns="' + xulns + '" width="800" height="600"'
         + ' id="' + this.id + '-window" title="' + this.label + '"'
         + ' onload="opener.document.getElementById(\'' + this.id
         + '\').load();"><keyset>'
         + '<key keycode="VK_ESCAPE" oncommand="close()"/></keyset>'
         + '<vbox flex="1">'
         + '<tree id="tree" hidecolumnpicker="true" seltype="single"'
         + ' flex="1" context="_child" enableColumnDrag="true">'
         + '<menupopup>'
         + '<menuitem label="Edit"'
         + ' oncommand="opener.document.getElementById(\''
         + this.id + '\').edit();"/>'
         + '<menuitem label="Delete"'
         + ' oncommand="opener.document.getElementById(\''
         + this.id + '\').remove();"/>'
         + '<menuitem label="Attributes"'
         + ' oncommand="opener.document.getElementById(\''
         + this.id + '\').attr();"/>'
         + '<menuitem label="Properties"'
         + ' oncommand="opener.document.getElementById(\''
         + this.id + '\').prop();"/>'
         + '<menuitem label="URI"'
         + ' oncommand="opener.document.getElementById(\''
         + this.id + '\').link();"/>'
         + '<menuitem label="Inspect Button"'
         + ' oncommand="opener.document.getElementById(\''
         + this.id + '\').inspect();"/>'
         + '<menuitem label="Export to XML"'
         + ' oncommand="opener.document.getElementById(\''
         + this.id + '\').saveXML();"/>'
         + '</menupopup>'
         + '<treecols><treecol id="firstColumn" label="Id" width="200"'
         + ' sortDirection="ascending"'
         + ' onclick="opener.document.getElementById(\''
         + this.id + '\').reorder(this);"/><splitter class="tree-splitter"/>'
         + '<treecol id="secondColumn" label="Image &amp; Label" flex="1"'
         + ' sortDirection="ascending"'
         + ' onclick="opener.document.getElementById(\''
         + this.id + '\').reorder(this);"/>'
         + '</treecols><treechildren id="treechildren"/></tree>'
         + '<separator class="thin"/><hbox>'
         + '<button label="Edit"'
         + ' oncommand="opener.document.getElementById(\''
         + this.id + '\').edit();"/>'
         + '<button label="Delete"'
         + ' oncommand="opener.document.getElementById(\''
         + this.id + '\').remove();"/>'
         + '<button label="Attributes"'
         + ' oncommand="opener.document.getElementById(\''
         + this.id + '\').attr();"/>'
         + '<button label="Properties"'
         + ' oncommand="opener.document.getElementById(\''
         + this.id + '\').prop();"/>'
         + '<button label="URI"'
         + ' oncommand="opener.document.getElementById(\''
         + this.id + '\').link();"/>'
         + '<button label="DOMi"'
         + ' oncommand="opener.document.getElementById(\''
         + this.id + '\').inspect();"/>'
         + '<button label="XML"'
         + ' oncommand="opener.document.getElementById(\''
         + this.id + '\').saveXML();"/>'
         + '</hbox></vbox></window>';

//var css = "data:text/css," + encodeURIComponent("treechildren::-moz-tree-cell-text { color: blue; }");
var css = "";
data = '<?xml version="1.0"?><?xml-stylesheet href="chrome://global/skin/" type="text/css"?>' +
       '<?xml-stylesheet href="' + css + '" type="text/css"?>' + data;

var dialog;

function getImage(s) {
  if (s == "custombuttons-stdicon-1") return "chrome://custombuttons/skin/button.png";
  if (s == "custombuttons-stdicon-2") return "chrome://custombuttons/skin/stdicons/rbutton.png";
  if (s == "custombuttons-stdicon-3") return "chrome://custombuttons/skin/stdicons/gbutton.png";
  if (s == "custombuttons-stdicon-4") return "chrome://custombuttons/skin/stdicons/bbutton.png";
  return "http://forum.mozilla-russia.org/uploaded/custombuttons_button.png";
}

function openTab(arr) {
  for (var i = 0; i < arr.length; i++) {
    var converter = Components.classes["@mozilla.org/intl/scriptableunicodeconverter"].
      createInstance(Components.interfaces.nsIScriptableUnicodeConverter);
    converter.charset = "UTF-8";
    arr[i] = converter.ConvertFromUnicode(arr[i]);
    arr[i] = arr[i].replace(/&/g, "&amp;");
    arr[i] = arr[i].replace(/>/g, "&gt;");
    arr[i] = arr[i].replace(/</g, "&lt;");
    arr[i] = arr[i].replace(/"/g, "&quot;");
    arr[i] = arr[i].replace(/'/g, "&apos;");
  }
  var data = '<!DOCTYPE HTML PUBLIC "-//W3C//DTD HTML 4.01//EN">';
  data += "<html><head><title>" + arr[1] + "</title>";
  data += '<meta http-equiv="Content-Type" content="text/html; charset=UTF-8">';
  data += "</head><body><pre>" + arr.join("\n\n") + "</pre></body></html>";
  var info = Components.classes["@mozilla.org/xre/app-info;1"].
    getService(Components.interfaces.nsIXULAppInfo);
  if (info.name == "Firefox" || info.name == "SeaMonkey") {
    gBrowser.addTab("data:text/html;charset=utf-8;base64," + btoa(data));
  }
  if (info.name == "Thunderbird") {
    openContentTab("data:text/html;charset=utf-8;base64," + btoa(data));
  }
}

this.openWindow = function() {
  var url = "data:application/vnd.mozilla.xul+xml," + data;
  var winname = "CB-Troubleshooter";
  var feature = "chrome,centerscreen,width=600,height=200,dialog=no";

  var em = Components.classes["@mozilla.org/embedcomp/window-watcher;1"]
                     .getService(Components.interfaces.nsIWindowWatcher)
                     .getWindowEnumerator();
  var index = 1;
  while (em.hasMoreElements()) {
    var win = em.getNext();
    if (win.name == winname) {
      win.focus();
      return;
    }
    index++
  }
  dialog = window.openDialog(url, winname, feature);
}

this.load = function() {
  var nodeList = document.querySelectorAll("toolbarbutton[id^='custombuttons-button']");
  var children = dialog.document.getElementById("treechildren");
  for (var i = 0; i < nodeList.length; i++) {
    var item = document.createElement("treeitem");
    var row = document.createElement("treerow");
    var cell = document.createElement("treecell");
    cell.setAttribute("label", nodeList[i].id);
    row.appendChild(cell);
    var cell = document.createElement("treecell");
    cell.setAttribute("src", nodeList[i].image || getImage(nodeList[i].cbStdIcon));
    cell.setAttribute("label", String.fromCharCode(32, 32) + nodeList[i].label);
    row.appendChild(cell);
    item.appendChild(row);
    children.appendChild(item);
  }
  dialog.document.getElementById("tree").focus();
  dialog.document.getElementById("tree").view.selection.select(0);
  dialog.resizeTo(800, 600);
}

this.reorder = function(node) {
  var nodeList = document.getElementsByTagName("toolbarbutton");
  var orderArr = new Array();
  for (var i = 0; i < nodeList.length; i++) {
    if (nodeList[i].id.search("custombuttons-button") == 0) {
      var item = document.createElement("treeitem");
      var row = document.createElement("treerow");
      var cell = document.createElement("treecell");
      cell.setAttribute("label", nodeList[i].id);
      row.appendChild(cell);
      var cell = document.createElement("treecell");
      cell.setAttribute("src", nodeList[i].image || getImage(nodeList[i].cbStdIcon));
      cell.setAttribute("label", String.fromCharCode(32, 32) + nodeList[i].label);
      row.appendChild(cell);
      item.appendChild(row);
      orderArr.push([nodeList[i].id.substring(20), nodeList[i].label.toLowerCase(), item]);
    }
  }

  var id = node.getAttribute("id");
  var sortDirection = node.getAttribute("sortDirection");
  if (id == "firstColumn" && sortDirection == "ascending") orderArr.sort(function(a, b) { return a[0] - b[0] });
  if (id == "firstColumn" && sortDirection == "descending") orderArr.sort(function(a, b) { return b[0] - a[0] });
  if (id == "secondColumn" && sortDirection == "ascending") orderArr.sort(function(a, b) { return a[1] > b[1] });
  if (id == "secondColumn" && sortDirection == "descending") orderArr.sort(function(a, b) { return a[1] < b[1] });
  node.setAttribute("sortDirection", sortDirection == "descending" ? "ascending" : "descending");
  var children = dialog.document.getElementById("treechildren");
  for (var i = 0; i < children.childNodes.length; i++) {
    children.appendChild(orderArr[i][2]);
    children.removeChild(children.firstChild);
  }
  dialog.document.getElementById("tree").focus();
  dialog.document.getElementById("tree").view.selection.select(0);
}

this.edit = function() {
  var id = dialog.document.getElementById("tree").view.getCellText(
    dialog.document.getElementById("tree").view.selection.currentIndex,
    dialog.document.getElementById("tree").columns.getColumnAt(0));
  custombuttons.editButton(document.getElementById(id));
  dialog.close();
}

this.remove = function() {
  var id = dialog.document.getElementById("tree").view.getCellText(
    dialog.document.getElementById("tree").view.selection.currentIndex,
    dialog.document.getElementById("tree").columns.getColumnAt(0));
  custombuttons.removeButton(document.getElementById(id));
  dialog.close();
}

this.attr = function() {
  var id = dialog.document.getElementById("tree").view.getCellText(
    dialog.document.getElementById("tree").view.selection.currentIndex,
    dialog.document.getElementById("tree").columns.getColumnAt(0));
  var node = document.getElementById(id);
  var out = new Array();
  out.push('windowtype="' + document.documentElement.getAttribute("windowtype") + '" id="' + id + '"');
  out.push("Attributes");
  for (var i = 0; i < node.attributes.length; i++) {
    if (node.attributes[i].nodeName == "cb-oncommand" ||
        node.attributes[i].nodeName == "cb-init"      ||
        node.attributes[i].nodeName == "Help") {
      out.push(node.attributes[i].nodeName + " " + typeof node.attributes[i].nodeValue + "\n" + "[omitted]");
    } else {
      out.push(node.attributes[i].nodeName + " " + typeof node.attributes[i].nodeValue + "\n" + node.attributes[i].nodeValue);
    }
  }
  openTab(out);
  //dialog.close();
}

this.prop = function() {
  var id = dialog.document.getElementById("tree").view.getCellText(
    dialog.document.getElementById("tree").view.selection.currentIndex,
    dialog.document.getElementById("tree").columns.getColumnAt(0));
  var node = document.getElementById(id);
  var out = new Array();
  out.push('windowtype="' + document.documentElement.getAttribute("windowtype") + '" id="' + id + '"');
  out.push("Properties");
  for (var i in node) {
    if (i == "cbCommand"  ||
        i == "cbInitCode" ||
        i == "Help"       ||
        i == "URI") {
      out.push(i + " " + typeof node[i] + "\n" + "[omitted]");
    } else {
      out.push(i + " " + typeof node[i] + "\n" + node[i]);
    }
  }
  openTab(out);
  //dialog.close();
}

this.link = function() {
  var id = dialog.document.getElementById("tree").view.getCellText(
    dialog.document.getElementById("tree").view.selection.currentIndex,
    dialog.document.getElementById("tree").columns.getColumnAt(0));
  var out = new Array();
  out.push('windowtype="' + document.documentElement.getAttribute("windowtype") + '" id="' + id + '"');
  out.push("URI");
  out.push(unescape(document.getElementById(id).URI));
  openTab(out);
  //dialog.close();
}

this.inspect = function() {
  if (typeof(inspectDOMDocument) == "undefined") {
    custombuttons.alertBox(this.label, "DOM Inspector is not enabled or installed.");
    return;
  }
  var id = dialog.document.getElementById("tree").view.getCellText(
    dialog.document.getElementById("tree").view.selection.currentIndex,
    dialog.document.getElementById("tree").columns.getColumnAt(0));
  //inspectDOMNode(document.getElementById(id));
  inspectObject(document.getElementById(id));
  //dialog.close();
}

this.saveXML = function() {
  var button = null;
  var buttons = document.querySelectorAll("toolbarbutton[cb-init]");
  for (var i = 0; i < buttons.length; i++) {
    if ("saveXML" in  buttons[i]) {
      button = buttons[i];
      break;
    }
  }
  if (!button) {
    custombuttons.alertBox(this.label, "Custom Buttons XML Exporter/Importer is not installed or is disabled.");
    return;
  }
  var id = dialog.document.getElementById("tree").view.getCellText(
    dialog.document.getElementById("tree").view.selection.currentIndex,
    dialog.document.getElementById("tree").columns.getColumnAt(0));
  button.saveXML(document.getElementById(id).URI);
  //return dialog.close();
}

// Better use the "Code" tab or "oncommand" than adding "onclick"
// if it doesn't send any click events
// this.setAttribute("onclick", "custombuttons.gQuot.mHandler(event, this)");

////////////////////////////////////////////////////////////////////////////
/////////////////////////// Start Button updater ///////////////////////////

/* ***** BEGIN LICENSE BLOCK *****
 * Version: MPL 1.1/GPL 2.0
 *
 * The contents of this file are subject to the Mozilla Public License
 * Version 1.1 (the "License"); you may not use this file except in
 * compliance with the License. You may obtain a copy of the License at
 * http://www.mozilla.org/MPL/1.1/
 *
 * Software distributed under the License is distributed on an "AS IS" basis,
 * WITHOUT WARRANTY OF ANY KIND, either express or implied. See the License
 * for the specific language governing rights and limitations under the
 * License.
 *
 * Original code is Button Updater for Custom Buttons extension
 *
 * The Initial Developer of the Original Code is LouCypher.
 * Portions created by the Initial Developer are Copyright (C) 2011
 * the Initial Developer. All Rights Reserved.
 *
 * Contributor(s):
 * - LouCypher: original code
 *
 * Alternatively, the contents of this file may be used under the terms of
 * the GNU General Public License Version 2 or later (the "GPL"), in which
 * case the provisions of the GPL are applicable instead of those above.
 *
 * ***** END LICENSE BLOCK ***** */

this.updater = {
  btnClick: self.onclick,
  btnType: self.type,
  btnImage: self.image,
  btnTooltip: self.tooltipText,

  baseURL: "https://loucypher.googlecode.com/svn/custombuttons/xml/mods/",

  get updateURL() {
    return this.baseURL + encodeURIComponent(self.name.replace(/(\/|:)/g, "-"))
                        + ".xml";
  },

  openUpdateURL: function updater_openUpdateURL() {
    switchToTabHavingURI(this.updateURL);
  },

  get stdIcon() {
    var stdIcon = parseInt(self.cbStdIcon.match(/\d/));
    switch (stdIcon) {
       case 4: return "chrome://custombuttons/skin/stdicons/bbutton.png";
       case 3: return "chrome://custombuttons/skin/stdicons/gbutton.png";
       case 2: return "chrome://custombuttons/skin/stdicons/rbutton.png";
      default: return "chrome://custombuttons/skin/button.png";
    }
  },

  get bsyIcon() {
    switch (Application.id) {
      case "{ec8030f7-c20a-464f-9b0e-13a3a9e97384}":
        if (Application.version >= "4") {
          return "chrome://browser/skin/tabbrowser/connecting.png";
        } else {
          return "chrome://global/skin/icons/loading_16.png";
        }
      case "{92650c4d-4b8e-4d2a-b7eb-24ecf4f6b63a}":
        return "chrome://communicator/skin/icons/loading.gif";
      default:
        return "chrome://global/skin/icons/loading_16.png";
    }
  },

  // Check if the URI is Custom Button URI (custombutton://...)
  isValidCbURI: function updater_isValidCbURI(aURL) {
    if (!aURL) return false;
    return /^custombutton\:\/\//.test(aURL);
  },

  // Convert 'custombutton:' URI to DOM
  convertURItoDOM: function updater_convertURItoDOM(aURL) {
    if (!this.isValidCbURI(aURL)) {
      custombuttons.alertBox(self.name, "Not a Custom Buttons link!");
      return;
    }
    var string = unescape(aURL.replace(/^custombutton\:\/\//, "").toString());
    var parser = new DOMParser();
    var dom = parser.parseFromString(string, "text/xml");
    if (dom.documentElement.nodeName == "parsererror") {
      return null;
    } else {
      return dom.documentElement;
    }
  },

  // Get value from XML element
  getParamValue: function updater_getParamValue(aDocument, aNodeName) {
    var node = aDocument.querySelector(aNodeName);
    if (!node) return "";
    if (!node.firstChild || (node.firstChild &&
        (node.firstChild.nodeType == node.TEXT_NODE))) {
      return node.textContent;
    } else {
      return node.firstChild.textContent;
    }
  },

  // Set button parameters from XML alement
  getButtonParameters: function updater_getButtonParameters(aButtonLink, aURL) {
    var dom = this.convertURItoDOM(aURL);
    var params = custombuttons.cbService.getButtonParameters(aButtonLink)
                                        .wrappedJSObject;
    params.name             = this.getParamValue(dom, "name")
    params.date             = this.getParamValue(dom, "date") || "";
    params.image            = this.getParamValue(dom, "image") ||
                              this.getParamValue(dom, "stdicon");
    params.code             = this.getParamValue(dom, "code")
    params.initCode         = this.getParamValue(dom, "initcode")
    params.help             = this.getParamValue(dom, "help")
    params.accelkey         = this.getParamValue(dom, "accelkey")
    params.mode             = this.getParamValue(dom, "mode")
    params.wrappedJSObject  = params;
    return params;
  },

  // Reset button attribute if user click the button during update
  resetAttributes: function updater_resetAttributes() {
    self.image = this.btnImage;
    self.tooltipText = self.name;
    self.removeAttribute("busy");
    self.onclick = this.btnClick;
    self.type = this.btnType;
    self.tooltipText = this.btnTooltip;
  },

  // Check button for update
  checkForUpdate: function updater_checkForUpdate(aCallback) {
    if (!navigator.onLine) {                // If browser is in offline mode
                                            // ask to switch to online
      var online = custombuttons.confirmBox(self.name,
                             "Firefox is currently in offline mode.\n"
                           + "Switch to online mode and try again?",
                             "Yes", "No");
      if (!online) return;
      BrowserOffline.toggleOfflineStatus(); // switch to online
    }

    var url = this.updateURL + "?" + Date.now();
    var req = new XMLHttpRequest();
    req.open("GET", url, true);
    if (self.hasAttribute("busy")) {
      this.resetAttributes();
      return
    }
    var updater = this;
    req.onreadystatechange = function (aEvent) {
      self.onclick = function(aEvent) {
        aEvent.preventDefault();
        req.abort();
        self.updater.resetAttributes();
      }
      self.image = updater.bsyIcon;
      self.setAttribute("busy", "");
      self.removeAttribute("type");
      self.tooltipText = "Checking for update...\nClick to abort.";
      if (req.readyState == 4 && req.status == 200) {
        updater.resetAttributes();
        aCallback(req.responseXML);
      }
    }
    req.send(null);
  },

  // Get update from XML
  getUpdate: function updater_getUpdate(aDocument) {
    if (aDocument.documentElement.localName != "custombutton") {
      custombuttons.alertBox(self.name,
                             "Not a valid Custom Buttons XML file!");
      return;
    }

    //inspectDOMDocument(aDocument); return;
    let icon = self.updater.btnImage ? self.updater.btnImage
                                     : self.updater.stdIcon;
    let button = aDocument.getElementById("button");
    let link = button.getElementsByTagNameNS(xhtmlns, "a")[0];
    if (link.href == self.URI) {
      let as = Cc['@mozilla.org/alerts-service;1'].
               getService(Ci.nsIAlertsService);
      as.showAlertNotification(icon, "No update found!",
                               "Finish checking", false, "", null);
      return;
    } 

    var install = custombuttons.confirmBox(self.name, "Update found! " +
                                           "Update this button?",
                                           "Yes", "No");
    if (!install) return;
    let btnLink = custombuttons.makeButtonLink("update", self.id);
    let params = self.updater.getButtonParameters(btnLink, link.href);
    //inspectObject(params); return;
    custombuttons.cbService.installButton(params);
    custombuttons.alertBox(self.name, "Button updated!");
    self.setAttribute("cb-edit-state", "active");
  },

  init: function updater_onLoad() {

    var icon = this.btnImage ? this.btnImage : this.stdIcon;

    function $(aId) {
      return document.getElementById(aId);
    }

    function addMenuItem(aNewIDs, aNodeIDs, aSeparator) {
      // Remove previously created menuitems if any
      if ($(aNewIDs)) {
        if (aSeparator &&
            ($(aNewIDs).nextSibling.localName == "menuseparator")) {
          $(aNewIDs).parentNode.removeChild($(aNewIDs).nextSibling);
        }
        $(aNewIDs).parentNode.removeChild($(aNewIDs));
      }

      var mi = cbu.makeXML(
                    '<menuitem xmlns="' + xulns + '"'
                  + ' id="' + aNewIDs + '"'
                  + ' class="menuitem-iconic"'
                  + ' image="' + icon + '"'
                  + ' label="Check for updates for this button"'
                  + ' onclick="if (event.button == 1) {'
                  + ' var btn = document.getElementById(\''
                  + self.id + '\'); btn.updater.openUpdateURL(); }" '
                  + ' oncommand="var btn = document.getElementById(\''
                  + self.id + '\'); btn.updater.checkForUpdate('
                  + 'btn.updater.getUpdate);"'
                  + ' observes="custombuttons-contextbroadcaster-primary"/>');
      $(aNodeIDs).parentNode.insertBefore(mi, $(aNodeIDs).nextSibling);
      if (aSeparator) {
        var sep = cbu.makeXML('<menuseparator xmlns="' + xulns + '"'
                            + ' id="' + mi.id + '-separator"/>');
        mi.parentNode.insertBefore(sep, mi.nextSibling);
      }
    }

    function initUpdaterCbPopup(aEvent) {
      var popupNode = "triggerNode" in aEvent.target
                        ? aEvent.target.triggerNode : document.popupNode;
      $(kIDs).hidden = (popupNode != self);
      ($(kIDs).nextSibling.id == $(kIDs).id + "-separator") &&
      ($(kIDs).nextSibling.hidden = (popupNode != self));
    }

    var kIDs = self.id + "-checkForUpdate";
    var uIDs = "custombuttons-contextpopup-updateButton";

    // Add 'Check for Update...' menuitem to CB contextmenu
    addMenuItem(kIDs, uIDs, true);

    $(uIDs).parentNode.addEventListener("popupshowing",
                                           initUpdaterCbPopup, false);
    $(uIDs).parentNode.removeEventListener("popuphiding",
                                              initUpdaterCbPopup, false);

    self.onDestroy = function(aReason) {
      if (aReason != "delete") return;
      $(uIDs).parentNode.removeEventListener("popupshowing",
                                             initUpdaterCbPopup, false);
      $(kIDs).parentNode.removeChild($(kIDs + "-separator"));
      $(kIDs).parentNode.removeChild($(kIDs));
    }
  }
}

this.updater.init();

//////////////////////////// End Button updater ////////////////////////////
////////////////////////////////////////////////////////////////////////////]]></initcode>
  <code><![CDATA[this.openWindow();]]></code>
  <accelkey><![CDATA[]]></accelkey>
  <help><![CDATA[]]></help>
  <attributes/>
</custombutton>