<?xml version="1.0" encoding="UTF-8"?>
<custombutton xmlns:cb="http://xsms.nm.ru/custombuttons/"
              xmlns:html="http://www.w3.org/1999/xhtml">
  <html:head>
    <html:title><![CDATA[About: Menu]]></html:title>
    <html:link rel="shortcut icon" href="chrome://browser/skin/places/query.png"/>
    <html:style type="text/css"><![CDATA[
body { font-size: medium; margin: 0; }
body, code:before, help:before, initcode:before {
  font-family: "Verdana", sans-serif;
}
#wrapper { position: fixed; top: 1em; right: 1em; text-align: center; }
p { font-size: small; text-align: center; }
#button {
  background-color: rgb(85, 168, 2);
  background-image: linear-gradient(to bottom, rgb(147, 200, 94), rgb(85, 168, 2));
  background-image: -moz-linear-gradient(top, rgb(147, 200, 94), rgb(85, 168, 2));
  background-image: -o-linear-gradient(top, rgb(147, 200, 94), rgb(85, 168, 2));
  background-image: -webkit-linear-gradient(top, rgb(147, 200, 94), rgb(85, 168, 2));
  border: 1px solid rgb(58, 116, 4);
  border-radius: .5em;
  -moz-border-radius: .5em;
  -webkit-border-radius: .5em;
  padding: 0;
  margin-bottom: 1em;
  box-shadow: 1px 2px 3px rgba(0, 0, 0, .25);
  -moz-box-shadow: 1px 2px 3px rgba(0, 0, 0, .25);
  -o-box-shadow: 1px 2px 3px rgba(0, 0, 0, .25);
  -webkit-box-shadow: 1px 2px 3px rgba(0, 0, 0, .25);
}
#button a {
  color: #000;
  text-shadow: -1pt -1px 0pt rgba(255, 255, 255, .5);
  padding: 1em;
  text-decoration: none;
}
:-moz-any-link:focus {
  color: white;
  outline-color: transparent;
  text-decoration: none;
}
#button a, code, code:before, initcode, initcode:before, help, help:before {
  display: block;
}
#credits { position: fixed; bottom: 1em; right: 1em; font-size: small; }
custombutton { background-color: rgb(171, 171, 171); margin: 1em; }
date, image, mode, accelkey { display: none; }
name { font-weight: bold; font-size: x-large; }
code:before, help:before, initcode:before {
  font-weight: bold;
  font-size: large;
  margin: 0 0 1em;
  padding: .5em;
}
code:before { content: "CODE"; }
help:before { content: "Help"; }
initcode:before { content: "Initialization Code"; }
code, initcode, help {
  background-color: rgb(255, 255, 255);
  border: 1px inset rgb(170, 170, 170);
  font: medium monospace;
  margin: 1em 1em 2em 0;
  padding: 1em;
  text-align: left;
  width: 840px;
  white-space: pre-wrap;
  word-wrap: break-word;
}
.clear { clear: both; }
]]></html:style>
  </html:head>
  <html:body>
    <html:div id="wrapper">
      <html:div id="button">
        <html:a href="custombutton://%3C%3Fxml%20version%3D%221.0%22%20encoding%3D%22UTF-8%22%3F%3E%0D%0A%3Ccustombutton%20xmlns%3Acb%3D%22http%3A//xsms.nm.ru/custombuttons/%22%3E%0A%20%20%3Cname%3EAbout%3A%20Menu%3C/name%3E%0A%20%20%3Cimage%3E%3C%21%5BCDATA%5Bchrome%3A//browser/skin/places/query.png%5D%5D%3E%3C/image%3E%0A%20%20%3Cmode%3E0%3C/mode%3E%0A%20%20%3Cinitcode%3E%3C%21%5BCDATA%5B/*%20This%20Source%20Code%20Form%20is%20subject%20to%20the%20terms%20of%20the%20Mozilla%20Public%0A%20*%20License%2C%20v.%202.0.%20If%20a%20copy%20of%20the%20MPL%20was%20not%20distributed%20with%20this%0A%20*%20file%2C%20You%20can%20obtain%20one%20at%20http%3A//mozilla.org/MPL/2.0/.%0A%20*/%0A%0Aconst%20isFx%20%3D%20Application.id%20%3D%3D%20%22%7Bec8030f7-c20a-464f-9b0e-13a3a9e97384%7D%22%3B%0Aconst%20isSM%20%3D%20Application.id%20%3D%3D%20%22%7B92650c4d-4b8e-4d2a-b7eb-24ecf4f6b63a%7D%22%3B%0Aconst%20isTb%20%3D%20Application.id%20%3D%3D%20%22%7B3550f703-e582-4d05-9a08-453d09bdfdc6%7D%22%3B%0A%0Athis.type%20%3D%20%22menu%22%3B%0Athis.label%20%3D%20this.tooltipText%20%3D%20%22About%3A%20Pages%22%3B%0Avar%20xml%20%3D%20%27%3Cmenupopup%20xmlns%3D%22%27%20+%20xulns%20+%20%27%22%27%0A%20%20%20%20%20%20%20%20+%20%27%20%20%20%20%20%20%20%20%20%20%20context%3D%22toolbar-context-menu%22%27%0A%20%20%20%20%20%20%20%20+%20%27%20%20%20%20%20%20%20%20%20%20%20oncontextmenu%3D%22inspect%28event%29%3B%22%27%0A%20%20%20%20%20%20%20%20+%20%27%20%20%20%20%20%20%20%20%20%20%20onpopupshowing%3D%22populate%28this%29%3B%22%27%0A%20%20%20%20%20%20%20%20+%20%27%20%20%20%20%20%20%20%20%20%20%20oncommand%3D%22switchToTabHavingURI%28%27%0A%20%20%20%20%20%20%20%20+%20%27event.target.label%2C%20true%29%3B%22%27%0A%20%20%20%20%20%20%20%20+%20%27%20%20%20%20%20%20%20%20%20%20%20onclick%3D%22middleClickHandler%28event%29%3B%22%3E%3C/menupopup%3E%27%3B%0Avar%20menu%20%3D%20this.appendChild%28%24xml%28xml%29%29%3B%0A%0Amenu.populate%20%3D%20populate.bind%28%29%3B%0A%0Athis.image%20%3D%20isFx%20%3F%20%22chrome%3A//browser/skin/places/query.png%22%0A%20%20%20%20%20%20%20%20%20%20%20%20%20%20%20%20%20%20%3A%20isSM%0A%20%20%20%20%20%20%20%20%20%20%20%20%20%20%20%20%20%20%20%20%3F%20%22chrome%3A//communicator/skin/bookmarks/query.png%22%0A%20%20%20%20%20%20%20%20%20%20%20%20%20%20%20%20%20%20%20%20%3A%20%22data%3Aimage/png%3Bbase64%2C%5C%0AiVBORw0KGgoAAAANSUhEUgAAABAAAAAQCAYAAAAf8/9hAAAAGXRFWHRTb2Z0d2FyZQBBZG9iZSBJ%5C%0AbWFnZVJlYWR5ccllPAAAAS9JREFUeNqkUz1LA0EQfftxsUq0EREUGxux8o9YWVqKnT8hFpJeEOz8%5C%0AB1rZ+AvsbBNBRSJpYhE4CB7J7Zczl0bNXmDNg7e73M6beTPsyRAClqF+uVKogxTYp+2w5vreB3Q1%5C%0AHY6JO7EICsDume0UZYnxZIKv6RSn/XWMRgVuX1uSQg5E71K2907uLoJzv8RCKeT9j+q8ur01l5zv%5C%0An2+OzrX1UJ4qMP+iRUJO8tntRXtgrabCylsD5lwLY4Pm5kZUzA6Gj5SgcmAtXCTBrEz8u2qszBxY%5C%0AB+1MCWYShABrtaHFG0MJTKJegrWVA+4/1YGU8oeDmiEugqchVg6MFdnCIdZAKQ3W6rxAk59UprK0%5C%0AFois1U/vGOTX7Qf8A29DDATtDeIaUSfqLZsQ/Esug28BBgBGIMAJudMj8gAAAABJRU5ErkJggg%3D%3D%22%3B%0A%0Afunction%20populate%28aNode%29%20%7B%0A%20%20while%20%28aNode.lastChild%29%0A%20%20%20%20aNode.removeChild%28aNode.lastChild%29%3B%0A%0A%20%20var%20protocols%20%3D%20%5B%5D%3B%0A%20%20var%20ios%20%3D%20Cc%5B%22@mozilla.org/network/io-service%3B1%22%5D.getService%28Ci.nsIIOService%29%3B%0A%20%20for%20%28var%20cid%20in%20Cc%29%20%7B%0A%20%20%20%20let%20res%20%3D%20cid.match%28/@mozilla.org%5C/network%5C/protocol%5C/about%3B1%5C%3Fwhat%5C%3D%28.*%29%24/%29%3B%0A%20%20%20%20if%20%28res%29%20%7B%0A%20%20%20%20%20%20let%20aboutType%20%3D%20res%5B1%5D%3B%0A%20%20%20%20%20%20let%20contract%20%3D%20%22@mozilla.org/network/protocol/about%3B1%3Fwhat%3D%22%20+%20aboutType%3B%0A%20%20%20%20%20%20try%20%7B%0A%20%20%20%20%20%20%20%20let%20am%20%3D%20Cc%5Bcontract%5D.getService%28Ci.nsIAboutModule%29%3B%0A%20%20%20%20%20%20%20%20let%20uri%20%3D%20ios.newURI%28%22about%3A%22%20+%20aboutType%2C%20null%2C%20null%29%3B%0A%20%20%20%20%20%20%20%20let%20flags%20%3D%20am.getURIFlags%28uri%29%3B%0A%20%20%20%20%20%20%20%20if%20%28%21%28flags%20%26%20Ci.nsIAboutModule.HIDE_FROM_ABOUTABOUT%29%29%0A%20%20%20%20%20%20%20%20%20%20protocols.push%28aboutType%29%3B%0A%20%20%20%20%20%20%7D%0A%20%20%20%20%20%20catch%20%28ex%29%20%7B%0A%20%20%20%20%20%20%20%20//%20getService%20might%20have%20thrown%20if%20the%20component%20doesn%27t%20actually%0A%20%20%20%20%20%20%20%20//%20implement%20nsIAboutModule%0A%20%20%20%20%20%20%7D%0A%20%20%20%20%7D%0A%20%20%7D%0A%0A%20%20var%20isWin%20%3D%20Services.appinfo.OS%20%3D%3D%3D%20%22WINNT%22%3B%0A%20%20if%20%28isWin%20%26%26%20%28protocols.length%20%3E%3D%2020%29%29%20%7B%0A%20%20%20%20var%20hbox%20%20%3D%20aNode.appendChild%28%24xml%28%27%3Chbox%20xmlns%3D%22%27%20+%20xulns%20+%20%27%22%3E%3C/hbox%3E%27%29%29%3B%0A%20%20%20%20var%20vbox1%20%3D%20hbox.appendChild%28%24xml%28%27%3Cvbox%20xmlns%3D%22%27%20+%20xulns%20+%20%27%22%3E%3C/vbox%3E%27%29%29%3B%0A%20%20%20%20var%20vbox2%20%3D%20hbox.appendChild%28%24xml%28%27%3Cvbox%20xmlns%3D%22%27%20+%20xulns%20+%20%27%22%3E%3C/vbox%3E%27%29%29%3B%0A%20%20%20%20protocols.sort%28%29.forEach%28function%28aProtocol%29%20%7B%0A%20%20%20%20%20%20let%20vbox%20%3D%20%28aProtocol%20%3C%20protocols%5BparseInt%28protocols.length%20/%202%29%5D%29%0A%20%20%20%20%20%20%20%20%20%20%20%20%20%20%20%20%20%20%3F%20vbox1%20%3A%20vbox2%3B%0A%20%20%20%20%20%20addMenuItem%28vbox%2C%20%22about%3A%22%20+%20aProtocol%29%3B%0A%20%20%20%20%7D%29%0A%20%20%7D%0A%20%20else%20%7B%0A%20%20%20%20protocols.sort%28%29.forEach%28function%28aProtocol%29%20%7B%0A%20%20%20%20%20%20addMenuItem%28aNode%2C%20%22about%3A%22%20+%20aProtocol%29%3B%0A%20%20%20%20%7D%29%0A%20%20%7D%0A%7D%0A%0Afunction%20%24xml%28aXML%29%20%7B%0A%20%20return%20%28new%20DOMParser%29.parseFromString%28aXML%2C%20%22application/xml%22%29%0A%20%20%20%20%20%20%20%20%20%20%20%20%20%20%20%20%20%20%20%20%20%20%20%20.documentElement%3B%0A%7D%0A%0Afunction%20addMenuItem%28aNode%2C%20aLabel%29%20%7B%0A%20%20aNode.appendChild%28%24xml%28%27%3Cmenuitem%20xmlns%3D%22%27%20+%20xulns%20+%20%27%22%27%20+%0A%20%20%20%20%20%20%20%20%20%20%20%20%20%20%20%20%20%20%20%20%20%20%20%20%20%27%20label%3D%22%27%20+%20aLabel%20+%20%27%22/%3E%27%29%29%3B%0A%7D%0A%0Amenu.inspect%20%3D%20function%20inspect%28aEvent%29%20%7B%0A%20%20if%20%28%21%22inspectDOMNode%22%20in%20window%29%0A%20%20%20%20return%3B%0A%20%20aEvent.preventDefault%28%29%3B%0A%20%20inspectDOMNode%28aEvent.target%29%3B%0A%20%20closeMenus%28aEvent.target%29%3B%0A%7D%0A%0Amenu.middleClickHandler%20%3D%20function%20middleClickHandler%28aEvent%29%20%7B%0A%20%20if%20%28isTb%20%7C%7C%20aEvent.button%20%21%3D%201%29%20return%3B%0A%20%20aEvent.preventDefault%28%29%3B%0A%20%20gBrowser.selectedTab%20%3D%20gBrowser.addTab%28aEvent.target.label%29%3B%0A%20%20closeMenus%28aEvent.target%29%3B%0A%7D%0A%0A//this.boxObject.lastChild.collapsed%20%3D%20true%3B%0A%0A////////////////////////////////////////////////////////////////////////////%0A///////////////////////////%20Start%20Button%20updater%20///////////////////////////%0A%0A/*%20*****%20BEGIN%20LICENSE%20BLOCK%20*****%0A%20*%20Version%3A%20MPL%201.1/GPL%202.0%0A%20*%0A%20*%20The%20contents%20of%20this%20file%20are%20subject%20to%20the%20Mozilla%20Public%20License%0A%20*%20Version%201.1%20%28the%20%22License%22%29%3B%20you%20may%20not%20use%20this%20file%20except%20in%0A%20*%20compliance%20with%20the%20License.%20You%20may%20obtain%20a%20copy%20of%20the%20License%20at%0A%20*%20http%3A//www.mozilla.org/MPL/1.1/%0A%20*%0A%20*%20Software%20distributed%20under%20the%20License%20is%20distributed%20on%20an%20%22AS%20IS%22%20basis%2C%0A%20*%20WITHOUT%20WARRANTY%20OF%20ANY%20KIND%2C%20either%20express%20or%20implied.%20See%20the%20License%0A%20*%20for%20the%20specific%20language%20governing%20rights%20and%20limitations%20under%20the%0A%20*%20License.%0A%20*%0A%20*%20Original%20code%20is%20Button%20Updater%20for%20Custom%20Buttons%20extension%0A%20*%0A%20*%20The%20Initial%20Developer%20of%20the%20Original%20Code%20is%20LouCypher.%0A%20*%20Portions%20created%20by%20the%20Initial%20Developer%20are%20Copyright%20%28C%29%202011%0A%20*%20the%20Initial%20Developer.%20All%20Rights%20Reserved.%0A%20*%0A%20*%20Contributor%28s%29%3A%0A%20*%20-%20LouCypher%3A%20original%20code%0A%20*%0A%20*%20Alternatively%2C%20the%20contents%20of%20this%20file%20may%20be%20used%20under%20the%20terms%20of%0A%20*%20the%20GNU%20General%20Public%20License%20Version%202%20or%20later%20%28the%20%22GPL%22%29%2C%20in%20which%0A%20*%20case%20the%20provisions%20of%20the%20GPL%20are%20applicable%20instead%20of%20those%20above.%0A%20*%0A%20*%20*****%20END%20LICENSE%20BLOCK%20*****%20*/%0A%0Athis.updater%20%3D%20%7B%0A%20%20btnClick%3A%20self.onclick%2C%0A%20%20btnType%3A%20self.type%2C%0A%20%20btnImage%3A%20self.image%2C%0A%20%20btnTooltip%3A%20self.tooltipText%2C%0A%0A%20%20baseURL%3A%20%22https%3A//loucypher.googlecode.com/svn/custombuttons/xml/%22%2C%0A%0A%20%20get%20updateURL%28%29%20%7B%0A%20%20%20%20return%20this.baseURL%20+%20encodeURIComponent%28self.name.replace%28/%28%5C/%7C%3A%29/g%2C%20%22-%22%29%29%0A%20%20%20%20%20%20%20%20%20%20%20%20%20%20%20%20%20%20%20%20%20%20%20%20+%20%22.xml%22%3B%0A%20%20%7D%2C%0A%0A%20%20openUpdateURL%3A%20function%20updater_openUpdateURL%28%29%20%7B%0A%20%20%20%20switchToTabHavingURI%28this.updateURL%29%3B%0A%20%20%7D%2C%0A%0A%20%20get%20stdIcon%28%29%20%7B%0A%20%20%20%20var%20stdIcon%20%3D%20parseInt%28self.cbStdIcon.match%28/%5Cd/%29%29%3B%0A%20%20%20%20switch%20%28stdIcon%29%20%7B%0A%20%20%20%20%20%20%20case%204%3A%20return%20%22chrome%3A//custombuttons/skin/stdicons/bbutton.png%22%3B%0A%20%20%20%20%20%20%20case%203%3A%20return%20%22chrome%3A//custombuttons/skin/stdicons/gbutton.png%22%3B%0A%20%20%20%20%20%20%20case%202%3A%20return%20%22chrome%3A//custombuttons/skin/stdicons/rbutton.png%22%3B%0A%20%20%20%20%20%20default%3A%20return%20%22chrome%3A//custombuttons/skin/button.png%22%3B%0A%20%20%20%20%7D%0A%20%20%7D%2C%0A%0A%20%20get%20bsyIcon%28%29%20%7B%0A%20%20%20%20switch%20%28Application.id%29%20%7B%0A%20%20%20%20%20%20case%20%22%7Bec8030f7-c20a-464f-9b0e-13a3a9e97384%7D%22%3A%0A%20%20%20%20%20%20%20%20if%20%28Application.version%20%3E%3D%20%224%22%29%0A%20%20%20%20%20%20%20%20%20%20return%20%22chrome%3A//browser/skin/tabbrowser/connecting.png%22%3B%0A%20%20%20%20%20%20%20%20else%0A%20%20%20%20%20%20%20%20%20%20return%20%22chrome%3A//global/skin/icons/loading_16.png%22%3B%0A%0A%20%20%20%20%20%20case%20%22%7B92650c4d-4b8e-4d2a-b7eb-24ecf4f6b63a%7D%22%3A%0A%20%20%20%20%20%20%20%20return%20%22chrome%3A//communicator/skin/icons/loading.gif%22%3B%0A%0A%20%20%20%20%20%20default%3A%0A%20%20%20%20%20%20%20%20return%20%22chrome%3A//global/skin/icons/loading_16.png%22%3B%0A%20%20%20%20%7D%0A%20%20%7D%2C%0A%0A%20%20//%20Check%20if%20the%20URI%20is%20Custom%20Button%20URI%20%28custombutton%3A//...%29%0A%20%20isValidCbURI%3A%20function%20updater_isValidCbURI%28aURL%29%20%7B%0A%20%20%20%20if%20%28%21aURL%29%20return%20false%3B%0A%20%20%20%20return%20/%5Ecustombutton%5C%3A%5C/%5C//.test%28aURL%29%3B%0A%20%20%7D%2C%0A%0A%20%20//%20Convert%20%27custombutton%3A%27%20URI%20to%20DOM%0A%20%20convertURItoDOM%3A%20function%20updater_convertURItoDOM%28aURL%29%20%7B%0A%20%20%20%20if%20%28%21this.isValidCbURI%28aURL%29%29%20%7B%0A%20%20%20%20%20%20custombuttons.alertBox%28self.name%2C%20%22Not%20a%20Custom%20Buttons%20link%21%22%29%3B%0A%20%20%20%20%20%20return%3B%0A%20%20%20%20%7D%0A%20%20%20%20var%20string%20%3D%20unescape%28aURL.replace%28/%5Ecustombutton%5C%3A%5C/%5C//%2C%20%22%22%29.toString%28%29%29%3B%0A%20%20%20%20var%20parser%20%3D%20new%20DOMParser%28%29%3B%0A%20%20%20%20var%20dom%20%3D%20parser.parseFromString%28string%2C%20%22text/xml%22%29%3B%0A%20%20%20%20if%20%28dom.documentElement.nodeName%20%3D%3D%20%22parsererror%22%29%0A%20%20%20%20%20%20return%20null%3B%0A%20%20%20%20else%0A%20%20%20%20%20%20return%20dom.documentElement%3B%0A%20%20%7D%2C%0A%0A%20%20//%20Get%20value%20from%20XML%20element%0A%20%20getParamValue%3A%20function%20updater_getParamValue%28aDocument%2C%20aNodeName%29%20%7B%0A%20%20%20%20var%20node%20%3D%20aDocument.querySelector%28aNodeName%29%3B%0A%20%20%20%20if%20%28%21node%29%0A%20%20%20%20%20%20return%20%22%22%3B%0A%20%20%20%20if%20%28%21node.firstChild%20%7C%7C%20%28node.firstChild%20%26%26%0A%20%20%20%20%20%20%20%20%28node.firstChild.nodeType%20%3D%3D%20node.TEXT_NODE%29%29%29%20%7B%0A%20%20%20%20%20%20return%20node.textContent%3B%0A%20%20%20%20%7D%0A%20%20%20%20else%0A%20%20%20%20%20%20return%20node.firstChild.textContent%3B%0A%20%20%7D%2C%0A%0A%20%20//%20Set%20button%20parameters%20from%20XML%20alement%0A%20%20getButtonParameters%3A%20function%20updater_getButtonParameters%28aButtonLink%2C%20aURL%29%20%7B%0A%20%20%20%20var%20dom%20%3D%20this.convertURItoDOM%28aURL%29%3B%0A%20%20%20%20var%20params%20%3D%20custombuttons.cbService.getButtonParameters%28aButtonLink%29%0A%20%20%20%20%20%20%20%20%20%20%20%20%20%20%20%20%20%20%20%20%20%20%20%20%20%20%20%20%20%20%20%20%20%20%20%20%20%20%20%20.wrappedJSObject%3B%0A%20%20%20%20params.name%20%20%20%20%20%20%20%20%20%20%20%20%20%3D%20this.getParamValue%28dom%2C%20%22name%22%29%0A%20%20%20%20params.date%20%20%20%20%20%20%20%20%20%20%20%20%20%3D%20this.getParamValue%28dom%2C%20%22date%22%29%20%7C%7C%20%22%22%3B%0A%20%20%20%20params.image%20%20%20%20%20%20%20%20%20%20%20%20%3D%20this.getParamValue%28dom%2C%20%22image%22%29%20%7C%7C%0A%20%20%20%20%20%20%20%20%20%20%20%20%20%20%20%20%20%20%20%20%20%20%20%20%20%20%20%20%20%20this.getParamValue%28dom%2C%20%22stdicon%22%29%3B%0A%20%20%20%20params.code%20%20%20%20%20%20%20%20%20%20%20%20%20%3D%20this.getParamValue%28dom%2C%20%22code%22%29%0A%20%20%20%20params.initCode%20%20%20%20%20%20%20%20%20%3D%20this.getParamValue%28dom%2C%20%22initcode%22%29%0A%20%20%20%20params.help%20%20%20%20%20%20%20%20%20%20%20%20%20%3D%20this.getParamValue%28dom%2C%20%22help%22%29%0A%20%20%20%20params.accelkey%20%20%20%20%20%20%20%20%20%3D%20this.getParamValue%28dom%2C%20%22accelkey%22%29%0A%20%20%20%20params.mode%20%20%20%20%20%20%20%20%20%20%20%20%20%3D%20this.getParamValue%28dom%2C%20%22mode%22%29%0A%20%20%20%20params.wrappedJSObject%20%20%3D%20params%3B%0A%20%20%20%20return%20params%3B%0A%20%20%7D%2C%0A%0A%20%20//%20Reset%20button%20attribute%20if%20user%20click%20the%20button%20during%20update%0A%20%20resetAttributes%3A%20function%20updater_resetAttributes%28%29%20%7B%0A%20%20%20%20self.image%20%3D%20this.btnImage%3B%0A%20%20%20%20self.tooltipText%20%3D%20self.name%3B%0A%20%20%20%20self.removeAttribute%28%22busy%22%29%3B%0A%20%20%20%20self.onclick%20%3D%20this.btnClick%3B%0A%20%20%20%20self.type%20%3D%20this.btnType%3B%0A%20%20%20%20self.tooltipText%20%3D%20this.btnTooltip%3B%0A%20%20%7D%2C%0A%0A%20%20//%20Check%20button%20for%20update%0A%20%20checkForUpdate%3A%20function%20updater_checkForUpdate%28aCallback%29%20%7B%0A%20%20%20%20if%20%28%21navigator.onLine%29%20%7B%20%20%20%20%20%20%20%20%20%20%20%20%20%20%20%20//%20If%20browser%20is%20in%20offline%20mode%0A%20%20%20%20%20%20%20%20%20%20%20%20%20%20%20%20%20%20%20%20%20%20%20%20%20%20%20%20%20%20%20%20%20%20%20%20%20%20%20%20%20%20%20%20//%20ask%20to%20switch%20to%20online%0A%20%20%20%20%20%20var%20online%20%3D%20custombuttons.confirmBox%28self.name%2C%0A%20%20%20%20%20%20%20%20%20%20%20%20%20%20%20%20%20%20%20%20%20%20%20%20%20%20%20%20%20%22Firefox%20is%20currently%20in%20offline%20mode.%5Cn%22%0A%20%20%20%20%20%20%20%20%20%20%20%20%20%20%20%20%20%20%20%20%20%20%20%20%20%20%20+%20%22Switch%20to%20online%20mode%20and%20try%20again%3F%22%2C%0A%20%20%20%20%20%20%20%20%20%20%20%20%20%20%20%20%20%20%20%20%20%20%20%20%20%20%20%20%20%22Yes%22%2C%20%22No%22%29%3B%0A%20%20%20%20%20%20if%20%28%21online%29%20return%3B%0A%20%20%20%20%20%20BrowserOffline.toggleOfflineStatus%28%29%3B%20//%20switch%20to%20online%0A%20%20%20%20%7D%0A%0A%20%20%20%20var%20url%20%3D%20this.updateURL%20+%20%22%3F%22%20+%20Date.now%28%29%3B%0A%20%20%20%20var%20req%20%3D%20new%20XMLHttpRequest%28%29%3B%0A%20%20%20%20req.open%28%22GET%22%2C%20url%2C%20true%29%3B%0A%20%20%20%20if%20%28self.hasAttribute%28%22busy%22%29%29%20%7B%0A%20%20%20%20%20%20this.resetAttributes%28%29%3B%0A%20%20%20%20%20%20return%0A%20%20%20%20%7D%0A%20%20%20%20var%20updater%20%3D%20this%3B%0A%20%20%20%20req.onreadystatechange%20%3D%20function%20%28aEvent%29%20%7B%0A%20%20%20%20%20%20self.onclick%20%3D%20function%28aEvent%29%20%7B%0A%20%20%20%20%20%20%20%20aEvent.preventDefault%28%29%3B%0A%20%20%20%20%20%20%20%20req.abort%28%29%3B%0A%20%20%20%20%20%20%20%20self.updater.resetAttributes%28%29%3B%0A%20%20%20%20%20%20%7D%0A%20%20%20%20%20%20self.image%20%3D%20updater.bsyIcon%3B%0A%20%20%20%20%20%20self.setAttribute%28%22busy%22%2C%20%22%22%29%3B%0A%20%20%20%20%20%20self.removeAttribute%28%22type%22%29%3B%0A%20%20%20%20%20%20self.tooltipText%20%3D%20%22Checking%20for%20update...%5CnClick%20to%20abort.%22%3B%0A%20%20%20%20%20%20if%20%28req.readyState%20%3D%3D%204%20%26%26%20req.status%20%3D%3D%20200%29%20%7B%0A%20%20%20%20%20%20%20%20updater.resetAttributes%28%29%3B%0A%20%20%20%20%20%20%20%20aCallback%28req.responseXML%29%3B%0A%20%20%20%20%20%20%7D%0A%20%20%20%20%7D%0A%20%20%20%20req.send%28null%29%3B%0A%20%20%7D%2C%0A%0A%20%20//%20Get%20update%20from%20XML%0A%20%20getUpdate%3A%20function%20updater_getUpdate%28aDocument%29%20%7B%0A%20%20%20%20if%20%28aDocument.documentElement.localName%20%21%3D%20%22custombutton%22%29%20%7B%0A%20%20%20%20%20%20custombuttons.alertBox%28self.name%2C%0A%20%20%20%20%20%20%20%20%20%20%20%20%20%20%20%20%20%20%20%20%20%20%20%20%20%20%20%20%20%22Not%20a%20valid%20Custom%20Buttons%20XML%20file%21%22%29%3B%0A%20%20%20%20%20%20return%3B%0A%20%20%20%20%7D%0A%0A%20%20%20%20//inspectDOMDocument%28aDocument%29%3B%20return%3B%0A%20%20%20%20let%20icon%20%3D%20self.updater.btnImage%20%3F%20self.updater.btnImage%0A%20%20%20%20%20%20%20%20%20%20%20%20%20%20%20%20%20%20%20%20%20%20%20%20%20%20%20%20%20%20%20%20%20%20%20%20%20%3A%20self.updater.stdIcon%3B%0A%20%20%20%20let%20button%20%3D%20aDocument.getElementById%28%22button%22%29%3B%0A%20%20%20%20let%20link%20%3D%20button.getElementsByTagNameNS%28xhtmlns%2C%20%22a%22%29%5B0%5D%3B%0A%20%20%20%20if%20%28link.href%20%3D%3D%20self.URI%29%20%7B%0A%20%20%20%20%20%20let%20as%20%3D%20Cc%5B%27@mozilla.org/alerts-service%3B1%27%5D.%0A%20%20%20%20%20%20%20%20%20%20%20%20%20%20%20getService%28Ci.nsIAlertsService%29%3B%0A%20%20%20%20%20%20as.showAlertNotification%28icon%2C%20%22No%20update%20found%21%22%2C%0A%20%20%20%20%20%20%20%20%20%20%20%20%20%20%20%20%20%20%20%20%20%20%20%20%20%20%20%20%20%20%20%22Finish%20checking%22%2C%20false%2C%20%22%22%2C%20null%29%3B%0A%20%20%20%20%20%20return%3B%0A%20%20%20%20%7D%20%0A%0A%20%20%20%20var%20install%20%3D%20custombuttons.confirmBox%28self.name%2C%20%22Update%20found%21%20%22%20+%0A%20%20%20%20%20%20%20%20%20%20%20%20%20%20%20%20%20%20%20%20%20%20%20%20%20%20%20%20%20%20%20%20%20%20%20%20%20%20%20%20%20%20%20%22Update%20this%20button%3F%22%2C%0A%20%20%20%20%20%20%20%20%20%20%20%20%20%20%20%20%20%20%20%20%20%20%20%20%20%20%20%20%20%20%20%20%20%20%20%20%20%20%20%20%20%20%20%22Yes%22%2C%20%22No%22%29%3B%0A%20%20%20%20if%20%28%21install%29%20return%3B%0A%20%20%20%20let%20btnLink%20%3D%20custombuttons.makeButtonLink%28%22update%22%2C%20self.id%29%3B%0A%20%20%20%20let%20params%20%3D%20self.updater.getButtonParameters%28btnLink%2C%20link.href%29%3B%0A%20%20%20%20//inspectObject%28params%29%3B%20return%3B%0A%20%20%20%20custombuttons.cbService.installButton%28params%29%3B%0A%20%20%20%20custombuttons.alertBox%28self.name%2C%20%22Button%20updated%21%22%29%3B%0A%20%20%20%20self.setAttribute%28%22cb-edit-state%22%2C%20%22active%22%29%3B%0A%20%20%7D%2C%0A%0A%20%20init%3A%20function%20updater_onLoad%28%29%20%7B%0A%0A%20%20%20%20var%20icon%20%3D%20this.btnImage%20%3F%20this.btnImage%20%3A%20this.stdIcon%3B%0A%0A%20%20%20%20function%20%24%28aId%29%20%7B%0A%20%20%20%20%20%20return%20document.getElementById%28aId%29%3B%0A%20%20%20%20%7D%0A%0A%20%20%20%20function%20addMenuItem%28aNewIDs%2C%20aNodeIDs%2C%20aSeparator%29%20%7B%0A%20%20%20%20%20%20//%20Remove%20previously%20created%20menuitems%20if%20any%0A%20%20%20%20%20%20if%20%28%24%28aNewIDs%29%29%20%7B%0A%20%20%20%20%20%20%20%20if%20%28aSeparator%20%26%26%0A%20%20%20%20%20%20%20%20%20%20%20%20%28%24%28aNewIDs%29.nextSibling.localName%20%3D%3D%20%22menuseparator%22%29%29%20%7B%0A%20%20%20%20%20%20%20%20%20%20%24%28aNewIDs%29.parentNode.removeChild%28%24%28aNewIDs%29.nextSibling%29%3B%0A%20%20%20%20%20%20%20%20%7D%0A%20%20%20%20%20%20%20%20%24%28aNewIDs%29.parentNode.removeChild%28%24%28aNewIDs%29%29%3B%0A%20%20%20%20%20%20%7D%0A%0A%20%20%20%20%20%20var%20mi%20%3D%20%24xml%28%0A%20%20%20%20%20%20%20%20%20%20%20%20%20%20%20%20%20%20%20%20%27%3Cmenuitem%20xmlns%3D%22%27%20+%20xulns%20+%20%27%22%27%0A%20%20%20%20%20%20%20%20%20%20%20%20%20%20%20%20%20%20+%20%27%20id%3D%22%27%20+%20aNewIDs%20+%20%27%22%27%0A%20%20%20%20%20%20%20%20%20%20%20%20%20%20%20%20%20%20+%20%27%20class%3D%22menuitem-iconic%22%27%0A%20%20%20%20%20%20%20%20%20%20%20%20%20%20%20%20%20%20+%20%27%20image%3D%22%27%20+%20icon%20+%20%27%22%27%0A%20%20%20%20%20%20%20%20%20%20%20%20%20%20%20%20%20%20+%20%27%20label%3D%22Check%20for%20updates%20for%20this%20button%22%27%0A%20%20%20%20%20%20%20%20%20%20%20%20%20%20%20%20%20%20+%20%27%20onclick%3D%22if%20%28event.button%20%3D%3D%201%29%20%7B%27%0A%20%20%20%20%20%20%20%20%20%20%20%20%20%20%20%20%20%20+%20%27%20var%20btn%20%3D%20document.getElementById%28%5C%27%27%0A%20%20%20%20%20%20%20%20%20%20%20%20%20%20%20%20%20%20+%20self.id%20+%20%27%5C%27%29%3B%20btn.updater.openUpdateURL%28%29%3B%20%7D%22%20%27%0A%20%20%20%20%20%20%20%20%20%20%20%20%20%20%20%20%20%20+%20%27%20oncommand%3D%22var%20btn%20%3D%20document.getElementById%28%5C%27%27%0A%20%20%20%20%20%20%20%20%20%20%20%20%20%20%20%20%20%20+%20self.id%20+%20%27%5C%27%29%3B%20btn.updater.checkForUpdate%28%27%0A%20%20%20%20%20%20%20%20%20%20%20%20%20%20%20%20%20%20+%20%27btn.updater.getUpdate%29%3B%22%27%0A%20%20%20%20%20%20%20%20%20%20%20%20%20%20%20%20%20%20+%20%27%20observes%3D%22custombuttons-contextbroadcaster-primary%22/%3E%27%29%3B%0A%20%20%20%20%20%20%24%28aNodeIDs%29.parentNode.insertBefore%28mi%2C%20%24%28aNodeIDs%29.nextSibling%29%3B%0A%20%20%20%20%20%20if%20%28aSeparator%29%20%7B%0A%20%20%20%20%20%20%20%20var%20sep%20%3D%20%24xml%28%27%3Cmenuseparator%20xmlns%3D%22%27%20+%20xulns%20+%20%27%22%27%0A%20%20%20%20%20%20%20%20%20%20%20%20%20%20%20%20%20%20%20%20%20%20%20%20%20%20%20%20+%20%27%20id%3D%22%27%20+%20mi.id%20+%20%27-separator%22/%3E%27%29%3B%0A%20%20%20%20%20%20%20%20mi.parentNode.insertBefore%28sep%2C%20mi.nextSibling%29%3B%0A%20%20%20%20%20%20%7D%0A%20%20%20%20%7D%0A%0A%20%20%20%20function%20initUpdaterCbPopup%28aEvent%29%20%7B%0A%20%20%20%20%20%20var%20popupNode%20%3D%20%22triggerNode%22%20in%20aEvent.target%0A%20%20%20%20%20%20%20%20%20%20%20%20%20%20%20%20%20%20%20%20%20%20%20%20%3F%20aEvent.target.triggerNode%20%3A%20document.popupNode%3B%0A%20%20%20%20%20%20%24%28kIDs%29.hidden%20%3D%20%28popupNode%20%21%3D%20self%29%3B%0A%20%20%20%20%20%20%28%24%28kIDs%29.nextSibling.id%20%3D%3D%20%24%28kIDs%29.id%20+%20%22-separator%22%29%20%26%26%0A%20%20%20%20%20%20%28%24%28kIDs%29.nextSibling.hidden%20%3D%20%28popupNode%20%21%3D%20self%29%29%3B%0A%20%20%20%20%7D%0A%0A%20%20%20%20var%20kIDs%20%3D%20self.id%20+%20%22-checkForUpdate%22%3B%0A%20%20%20%20var%20uIDs%20%3D%20%22custombuttons-contextpopup-updateButton%22%3B%0A%0A%20%20%20%20//%20Add%20%27Check%20for%20Update...%27%20menuitem%20to%20CB%20contextmenu%0A%20%20%20%20addMenuItem%28kIDs%2C%20uIDs%2C%20true%29%3B%0A%0A%20%20%20%20%24%28uIDs%29.parentNode.addEventListener%28%22popupshowing%22%2C%0A%20%20%20%20%20%20%20%20%20%20%20%20%20%20%20%20%20%20%20%20%20%20%20%20%20%20%20%20%20%20%20%20%20%20%20%20%20%20%20%20%20%20%20initUpdaterCbPopup%2C%20false%29%3B%0A%20%20%20%20%24%28uIDs%29.parentNode.removeEventListener%28%22popuphiding%22%2C%0A%20%20%20%20%20%20%20%20%20%20%20%20%20%20%20%20%20%20%20%20%20%20%20%20%20%20%20%20%20%20%20%20%20%20%20%20%20%20%20%20%20%20%20%20%20%20initUpdaterCbPopup%2C%20false%29%3B%0A%0A%20%20%20%20self.onDestroy%20%3D%20function%28aReason%29%20%7B%0A%20%20%20%20%20%20if%20%28aReason%20%21%3D%20%22delete%22%29%20return%3B%0A%20%20%20%20%20%20%24%28uIDs%29.parentNode.removeEventListener%28%22popupshowing%22%2C%0A%20%20%20%20%20%20%20%20%20%20%20%20%20%20%20%20%20%20%20%20%20%20%20%20%20%20%20%20%20%20%20%20%20%20%20%20%20%20%20%20%20%20%20%20%20initUpdaterCbPopup%2C%20false%29%3B%0A%20%20%20%20%20%20%24%28kIDs%29.parentNode.removeChild%28%24%28kIDs%20+%20%22-separator%22%29%29%3B%0A%20%20%20%20%20%20%24%28kIDs%29.parentNode.removeChild%28%24%28kIDs%29%29%3B%0A%20%20%20%20%7D%0A%20%20%7D%0A%7D%0A%0Athis.updater.init%28%29%3B%0A%0A////////////////////////////%20End%20Button%20updater%20////////////////////////////%0A////////////////////////////////////////////////////////////////////////////%0A%0A//%20Start%20backward%20compatibility%0Aif%20%28%22switchToTabHavingURI%22%20in%20window%29%0A%20%20return%3B%0A%0Amenu.switchToTabHavingURI%20%3D%20function%20switchToTabHavingURI%28aURI%2C%20aOpenNew%29%20%7B%0A%20%20if%20%28isTb%29%20%7B%0A%20%20%20%20openContentTab%28aURI%2C%20%22tab%22%2C%20%22%5E%28https%3F%7Cabout%29%3A%22%29%3B%0A%20%20%20%20return%3B%0A%20%20%7D%0A%0A%20%20function%20switchIfURIInWindow%28aWindow%29%20%7B%0A%20%20%20%20var%20browsers%20%3D%20aWindow.gBrowser.browsers%3B%0A%20%20%20%20for%20%28let%20i%20%3D%200%3B%20i%20%3C%20browsers.length%3B%20i++%29%20%7B%0A%20%20%20%20%20%20let%20browser%20%3D%20browsers%5Bi%5D%3B%0A%20%20%20%20%20%20if%20%28browser.currentURI.equals%28aURI%29%29%20%7B%0A%20%20%20%20%20%20%20%20aWindow.focus%28%29%3B%0A%20%20%20%20%20%20%20%20aWindow.gBrowser.tabContainer.selectedIndex%20%3D%20i%3B%0A%20%20%20%20%20%20%20%20return%20true%3B%0A%20%20%20%20%20%20%7D%0A%20%20%20%20%7D%0A%20%20%20%20return%20false%3B%0A%20%20%7D%0A%0A%20%20if%20%28%21%28aURI%20instanceof%20Ci.nsIURI%29%29%20%7B%0A%20%20%20%20aURI%20%3D%20makeURI%28aURI%2C%20null%2C%20null%29%3B%0A%20%20%7D%0A%20%20var%20isBrowserWindow%20%3D%20%21%21window.gBrowser%3B%0A%20%20if%20%28isBrowserWindow%20%26%26%20switchIfURIInWindow%28window%29%29%20%7B%0A%20%20%20%20return%20true%3B%0A%20%20%7D%0A%20%20var%20wm%20%3D%20Cc%5B%22@mozilla.org/appshell/window-mediator%3B1%22%5D.%0A%20%20%20%20%20%20%20%20%20%20%20getService%28Ci.nsIWindowMediator%29%3B%0A%20%20var%20winEnum%20%3D%20wm.getEnumerator%28%22navigator%3Abrowser%22%29%3B%0A%20%20while%20%28winEnum.hasMoreElements%28%29%29%20%7B%0A%20%20%20%20let%20browserWin%20%3D%20winEnum.getNext%28%29%3B%0A%20%20%20%20if%20%28browserWin.closed%20%7C%7C%20browserWin%20%3D%3D%20window%29%20%7B%0A%20%20%20%20%20%20continue%3B%0A%20%20%20%20%7D%0A%20%20%20%20if%20%28switchIfURIInWindow%28browserWin%29%29%20%7B%0A%20%20%20%20%20%20return%20true%3B%0A%20%20%20%20%7D%0A%20%20%7D%0A%20%20if%20%28aOpenNew%29%20%7B%0A%20%20%20%20if%20%28isBrowserWindow%20%26%26%20isTabEmpty%28gBrowser.selectedTab%29%29%20%7B%0A%20%20%20%20%20%20gBrowser.selectedBrowser.loadURI%28aURI.spec%29%3B%0A%20%20%20%20%20%20gBrowser.tabContainer.mTabstrip%0A%20%20%20%20%20%20%20%20%20%20%20%20%20%20%20%20%20%20%20%20%20%20%20%20%20%20%20.ensureElementIsVisible%28gBrowser.selectedTab%29%3B%0A%20%20%20%20%7D%0A%20%20%20%20else%0A%20%20%20%20%20%20openUILinkIn%28aURI.spec%2C%20%22tab%22%29%3B%0A%20%20%7D%0A%20%20return%20false%3B%0A%7D%0A%0Afunction%20isTabEmpty%28aTab%29%20%7B%0A%20%20var%20browser%20%3D%20aTab.linkedBrowser%3B%0A%20%20var%20uri%20%3D%20browser.currentURI.spec%3B%0A%20%20var%20body%20%3D%20browser.contentDocument.body%3B%0A%20%20return%20browser.sessionHistory.count%20%3C%202%20%26%26%0A%20%20%20%20%20%20%20%20%20%28uri%20%3D%3D%20%22about%3Ablank%22%29%20%26%26%0A%20%20%20%20%20%20%20%20%20%28%21body%20%7C%7C%20%21body.hasChildNodes%28%29%29%20%26%26%0A%20%20%20%20%20%20%20%20%20%21aTab.hasAttribute%28%22busy%22%29%3B%0A%7D%0A%5D%5D%3E%3C/initcode%3E%0A%20%20%3Ccode%3E%3C%21%5BCDATA%5B/*%0AReferences%3A%0A-%20http%3A//mxr.mozilla.org/mozilla-central/source/toolkit/content/aboutAbout.xhtml%0A%20%20or%20enter%20%27view-source%3Aabout%3Aabout%27%20in%20location%20bar%0A*/%0A%5D%5D%3E%3C/code%3E%0A%20%20%3Caccelkey%3E%3C%21%5BCDATA%5B%5D%5D%3E%3C/accelkey%3E%0A%20%20%3Chelp%3E%3C%21%5BCDATA%5B%5D%5D%3E%3C/help%3E%0A%20%20%3Cattributes/%3E%0A%3C/custombutton%3E" rel="nofollow" title="Install About: Menu">
        <![CDATA[Install this button]]>
        </html:a>
      </html:div>
      <html:a href="https://addons.mozilla.org/addon/custom-buttons/?src=external-custombuttons-xml">
        <![CDATA[What's this?]]>
      </html:a>
      <html:div id="credits">
        <html:a href="http://custombuttons.sourceforge.net/forum/viewtopic.php?t=78#p197">
          <![CDATA[Custom Buttons XML]]><html:br/><![CDATA[Exporter/Importer]]>
        </html:a>
      </html:div>
    </html:div>
  </html:body>
  <name>About: Menu</name>
  <image><![CDATA[chrome://browser/skin/places/query.png]]></image>
  <mode>0</mode>
  <initcode><![CDATA[/* This Source Code Form is subject to the terms of the Mozilla Public
 * License, v. 2.0. If a copy of the MPL was not distributed with this
 * file, You can obtain one at http://mozilla.org/MPL/2.0/.
 */

const isFx = Application.id == "{ec8030f7-c20a-464f-9b0e-13a3a9e97384}";
const isSM = Application.id == "{92650c4d-4b8e-4d2a-b7eb-24ecf4f6b63a}";
const isTb = Application.id == "{3550f703-e582-4d05-9a08-453d09bdfdc6}";

this.type = "menu";
this.label = this.tooltipText = "About: Pages";
var xml = '<menupopup xmlns="' + xulns + '"'
        + '           context="toolbar-context-menu"'
        + '           oncontextmenu="inspect(event);"'
        + '           onpopupshowing="populate(this);"'
        + '           oncommand="switchToTabHavingURI('
        + 'event.target.label, true);"'
        + '           onclick="middleClickHandler(event);"></menupopup>';
var menu = this.appendChild($xml(xml));

menu.populate = populate.bind();

this.image = isFx ? "chrome://browser/skin/places/query.png"
                  : isSM
                    ? "chrome://communicator/skin/bookmarks/query.png"
                    : "data:image/png;base64,\
iVBORw0KGgoAAAANSUhEUgAAABAAAAAQCAYAAAAf8/9hAAAAGXRFWHRTb2Z0d2FyZQBBZG9iZSBJ\
bWFnZVJlYWR5ccllPAAAAS9JREFUeNqkUz1LA0EQfftxsUq0EREUGxux8o9YWVqKnT8hFpJeEOz8\
B1rZ+AvsbBNBRSJpYhE4CB7J7Zczl0bNXmDNg7e73M6beTPsyRAClqF+uVKogxTYp+2w5vreB3Q1\
HY6JO7EICsDume0UZYnxZIKv6RSn/XWMRgVuX1uSQg5E71K2907uLoJzv8RCKeT9j+q8ur01l5zv\
n2+OzrX1UJ4qMP+iRUJO8tntRXtgrabCylsD5lwLY4Pm5kZUzA6Gj5SgcmAtXCTBrEz8u2qszBxY\
B+1MCWYShABrtaHFG0MJTKJegrWVA+4/1YGU8oeDmiEugqchVg6MFdnCIdZAKQ3W6rxAk59UprK0\
Fois1U/vGOTX7Qf8A29DDATtDeIaUSfqLZsQ/Esug28BBgBGIMAJudMj8gAAAABJRU5ErkJggg==";

function populate(aNode) {
  while (aNode.lastChild)
    aNode.removeChild(aNode.lastChild);

  var protocols = [];
  var ios = Cc["@mozilla.org/network/io-service;1"].getService(Ci.nsIIOService);
  for (var cid in Cc) {
    let res = cid.match(/@mozilla.org\/network\/protocol\/about;1\?what\=(.*)$/);
    if (res) {
      let aboutType = res[1];
      let contract = "@mozilla.org/network/protocol/about;1?what=" + aboutType;
      try {
        let am = Cc[contract].getService(Ci.nsIAboutModule);
        let uri = ios.newURI("about:" + aboutType, null, null);
        let flags = am.getURIFlags(uri);
        if (!(flags & Ci.nsIAboutModule.HIDE_FROM_ABOUTABOUT))
          protocols.push(aboutType);
      }
      catch (ex) {
        // getService might have thrown if the component doesn't actually
        // implement nsIAboutModule
      }
    }
  }

  var isWin = Services.appinfo.OS === "WINNT";
  if (isWin && (protocols.length >= 20)) {
    var hbox  = aNode.appendChild($xml('<hbox xmlns="' + xulns + '"></hbox>'));
    var vbox1 = hbox.appendChild($xml('<vbox xmlns="' + xulns + '"></vbox>'));
    var vbox2 = hbox.appendChild($xml('<vbox xmlns="' + xulns + '"></vbox>'));
    protocols.sort().forEach(function(aProtocol) {
      let vbox = (aProtocol < protocols[parseInt(protocols.length / 2)])
                  ? vbox1 : vbox2;
      addMenuItem(vbox, "about:" + aProtocol);
    })
  }
  else {
    protocols.sort().forEach(function(aProtocol) {
      addMenuItem(aNode, "about:" + aProtocol);
    })
  }
}

function $xml(aXML) {
  return (new DOMParser).parseFromString(aXML, "application/xml")
                        .documentElement;
}

function addMenuItem(aNode, aLabel) {
  aNode.appendChild($xml('<menuitem xmlns="' + xulns + '"' +
                         ' label="' + aLabel + '"/>'));
}

menu.inspect = function inspect(aEvent) {
  if (!"inspectDOMNode" in window)
    return;
  aEvent.preventDefault();
  inspectDOMNode(aEvent.target);
  closeMenus(aEvent.target);
}

menu.middleClickHandler = function middleClickHandler(aEvent) {
  if (isTb || aEvent.button != 1) return;
  aEvent.preventDefault();
  gBrowser.selectedTab = gBrowser.addTab(aEvent.target.label);
  closeMenus(aEvent.target);
}

//this.boxObject.lastChild.collapsed = true;

////////////////////////////////////////////////////////////////////////////
/////////////////////////// Start Button updater ///////////////////////////

/* ***** BEGIN LICENSE BLOCK *****
 * Version: MPL 1.1/GPL 2.0
 *
 * The contents of this file are subject to the Mozilla Public License
 * Version 1.1 (the "License"); you may not use this file except in
 * compliance with the License. You may obtain a copy of the License at
 * http://www.mozilla.org/MPL/1.1/
 *
 * Software distributed under the License is distributed on an "AS IS" basis,
 * WITHOUT WARRANTY OF ANY KIND, either express or implied. See the License
 * for the specific language governing rights and limitations under the
 * License.
 *
 * Original code is Button Updater for Custom Buttons extension
 *
 * The Initial Developer of the Original Code is LouCypher.
 * Portions created by the Initial Developer are Copyright (C) 2011
 * the Initial Developer. All Rights Reserved.
 *
 * Contributor(s):
 * - LouCypher: original code
 *
 * Alternatively, the contents of this file may be used under the terms of
 * the GNU General Public License Version 2 or later (the "GPL"), in which
 * case the provisions of the GPL are applicable instead of those above.
 *
 * ***** END LICENSE BLOCK ***** */

this.updater = {
  btnClick: self.onclick,
  btnType: self.type,
  btnImage: self.image,
  btnTooltip: self.tooltipText,

  baseURL: "https://loucypher.googlecode.com/svn/custombuttons/xml/",

  get updateURL() {
    return this.baseURL + encodeURIComponent(self.name.replace(/(\/|:)/g, "-"))
                        + ".xml";
  },

  openUpdateURL: function updater_openUpdateURL() {
    switchToTabHavingURI(this.updateURL);
  },

  get stdIcon() {
    var stdIcon = parseInt(self.cbStdIcon.match(/\d/));
    switch (stdIcon) {
       case 4: return "chrome://custombuttons/skin/stdicons/bbutton.png";
       case 3: return "chrome://custombuttons/skin/stdicons/gbutton.png";
       case 2: return "chrome://custombuttons/skin/stdicons/rbutton.png";
      default: return "chrome://custombuttons/skin/button.png";
    }
  },

  get bsyIcon() {
    switch (Application.id) {
      case "{ec8030f7-c20a-464f-9b0e-13a3a9e97384}":
        if (Application.version >= "4")
          return "chrome://browser/skin/tabbrowser/connecting.png";
        else
          return "chrome://global/skin/icons/loading_16.png";

      case "{92650c4d-4b8e-4d2a-b7eb-24ecf4f6b63a}":
        return "chrome://communicator/skin/icons/loading.gif";

      default:
        return "chrome://global/skin/icons/loading_16.png";
    }
  },

  // Check if the URI is Custom Button URI (custombutton://...)
  isValidCbURI: function updater_isValidCbURI(aURL) {
    if (!aURL) return false;
    return /^custombutton\:\/\//.test(aURL);
  },

  // Convert 'custombutton:' URI to DOM
  convertURItoDOM: function updater_convertURItoDOM(aURL) {
    if (!this.isValidCbURI(aURL)) {
      custombuttons.alertBox(self.name, "Not a Custom Buttons link!");
      return;
    }
    var string = unescape(aURL.replace(/^custombutton\:\/\//, "").toString());
    var parser = new DOMParser();
    var dom = parser.parseFromString(string, "text/xml");
    if (dom.documentElement.nodeName == "parsererror")
      return null;
    else
      return dom.documentElement;
  },

  // Get value from XML element
  getParamValue: function updater_getParamValue(aDocument, aNodeName) {
    var node = aDocument.querySelector(aNodeName);
    if (!node)
      return "";
    if (!node.firstChild || (node.firstChild &&
        (node.firstChild.nodeType == node.TEXT_NODE))) {
      return node.textContent;
    }
    else
      return node.firstChild.textContent;
  },

  // Set button parameters from XML alement
  getButtonParameters: function updater_getButtonParameters(aButtonLink, aURL) {
    var dom = this.convertURItoDOM(aURL);
    var params = custombuttons.cbService.getButtonParameters(aButtonLink)
                                        .wrappedJSObject;
    params.name             = this.getParamValue(dom, "name")
    params.date             = this.getParamValue(dom, "date") || "";
    params.image            = this.getParamValue(dom, "image") ||
                              this.getParamValue(dom, "stdicon");
    params.code             = this.getParamValue(dom, "code")
    params.initCode         = this.getParamValue(dom, "initcode")
    params.help             = this.getParamValue(dom, "help")
    params.accelkey         = this.getParamValue(dom, "accelkey")
    params.mode             = this.getParamValue(dom, "mode")
    params.wrappedJSObject  = params;
    return params;
  },

  // Reset button attribute if user click the button during update
  resetAttributes: function updater_resetAttributes() {
    self.image = this.btnImage;
    self.tooltipText = self.name;
    self.removeAttribute("busy");
    self.onclick = this.btnClick;
    self.type = this.btnType;
    self.tooltipText = this.btnTooltip;
  },

  // Check button for update
  checkForUpdate: function updater_checkForUpdate(aCallback) {
    if (!navigator.onLine) {                // If browser is in offline mode
                                            // ask to switch to online
      var online = custombuttons.confirmBox(self.name,
                             "Firefox is currently in offline mode.\n"
                           + "Switch to online mode and try again?",
                             "Yes", "No");
      if (!online) return;
      BrowserOffline.toggleOfflineStatus(); // switch to online
    }

    var url = this.updateURL + "?" + Date.now();
    var req = new XMLHttpRequest();
    req.open("GET", url, true);
    if (self.hasAttribute("busy")) {
      this.resetAttributes();
      return
    }
    var updater = this;
    req.onreadystatechange = function (aEvent) {
      self.onclick = function(aEvent) {
        aEvent.preventDefault();
        req.abort();
        self.updater.resetAttributes();
      }
      self.image = updater.bsyIcon;
      self.setAttribute("busy", "");
      self.removeAttribute("type");
      self.tooltipText = "Checking for update...\nClick to abort.";
      if (req.readyState == 4 && req.status == 200) {
        updater.resetAttributes();
        aCallback(req.responseXML);
      }
    }
    req.send(null);
  },

  // Get update from XML
  getUpdate: function updater_getUpdate(aDocument) {
    if (aDocument.documentElement.localName != "custombutton") {
      custombuttons.alertBox(self.name,
                             "Not a valid Custom Buttons XML file!");
      return;
    }

    //inspectDOMDocument(aDocument); return;
    let icon = self.updater.btnImage ? self.updater.btnImage
                                     : self.updater.stdIcon;
    let button = aDocument.getElementById("button");
    let link = button.getElementsByTagNameNS(xhtmlns, "a")[0];
    if (link.href == self.URI) {
      let as = Cc['@mozilla.org/alerts-service;1'].
               getService(Ci.nsIAlertsService);
      as.showAlertNotification(icon, "No update found!",
                               "Finish checking", false, "", null);
      return;
    } 

    var install = custombuttons.confirmBox(self.name, "Update found! " +
                                           "Update this button?",
                                           "Yes", "No");
    if (!install) return;
    let btnLink = custombuttons.makeButtonLink("update", self.id);
    let params = self.updater.getButtonParameters(btnLink, link.href);
    //inspectObject(params); return;
    custombuttons.cbService.installButton(params);
    custombuttons.alertBox(self.name, "Button updated!");
    self.setAttribute("cb-edit-state", "active");
  },

  init: function updater_onLoad() {

    var icon = this.btnImage ? this.btnImage : this.stdIcon;

    function $(aId) {
      return document.getElementById(aId);
    }

    function addMenuItem(aNewIDs, aNodeIDs, aSeparator) {
      // Remove previously created menuitems if any
      if ($(aNewIDs)) {
        if (aSeparator &&
            ($(aNewIDs).nextSibling.localName == "menuseparator")) {
          $(aNewIDs).parentNode.removeChild($(aNewIDs).nextSibling);
        }
        $(aNewIDs).parentNode.removeChild($(aNewIDs));
      }

      var mi = $xml(
                    '<menuitem xmlns="' + xulns + '"'
                  + ' id="' + aNewIDs + '"'
                  + ' class="menuitem-iconic"'
                  + ' image="' + icon + '"'
                  + ' label="Check for updates for this button"'
                  + ' onclick="if (event.button == 1) {'
                  + ' var btn = document.getElementById(\''
                  + self.id + '\'); btn.updater.openUpdateURL(); }" '
                  + ' oncommand="var btn = document.getElementById(\''
                  + self.id + '\'); btn.updater.checkForUpdate('
                  + 'btn.updater.getUpdate);"'
                  + ' observes="custombuttons-contextbroadcaster-primary"/>');
      $(aNodeIDs).parentNode.insertBefore(mi, $(aNodeIDs).nextSibling);
      if (aSeparator) {
        var sep = $xml('<menuseparator xmlns="' + xulns + '"'
                            + ' id="' + mi.id + '-separator"/>');
        mi.parentNode.insertBefore(sep, mi.nextSibling);
      }
    }

    function initUpdaterCbPopup(aEvent) {
      var popupNode = "triggerNode" in aEvent.target
                        ? aEvent.target.triggerNode : document.popupNode;
      $(kIDs).hidden = (popupNode != self);
      ($(kIDs).nextSibling.id == $(kIDs).id + "-separator") &&
      ($(kIDs).nextSibling.hidden = (popupNode != self));
    }

    var kIDs = self.id + "-checkForUpdate";
    var uIDs = "custombuttons-contextpopup-updateButton";

    // Add 'Check for Update...' menuitem to CB contextmenu
    addMenuItem(kIDs, uIDs, true);

    $(uIDs).parentNode.addEventListener("popupshowing",
                                           initUpdaterCbPopup, false);
    $(uIDs).parentNode.removeEventListener("popuphiding",
                                              initUpdaterCbPopup, false);

    self.onDestroy = function(aReason) {
      if (aReason != "delete") return;
      $(uIDs).parentNode.removeEventListener("popupshowing",
                                             initUpdaterCbPopup, false);
      $(kIDs).parentNode.removeChild($(kIDs + "-separator"));
      $(kIDs).parentNode.removeChild($(kIDs));
    }
  }
}

this.updater.init();

//////////////////////////// End Button updater ////////////////////////////
////////////////////////////////////////////////////////////////////////////

// Start backward compatibility
if ("switchToTabHavingURI" in window)
  return;

menu.switchToTabHavingURI = function switchToTabHavingURI(aURI, aOpenNew) {
  if (isTb) {
    openContentTab(aURI, "tab", "^(https?|about):");
    return;
  }

  function switchIfURIInWindow(aWindow) {
    var browsers = aWindow.gBrowser.browsers;
    for (let i = 0; i < browsers.length; i++) {
      let browser = browsers[i];
      if (browser.currentURI.equals(aURI)) {
        aWindow.focus();
        aWindow.gBrowser.tabContainer.selectedIndex = i;
        return true;
      }
    }
    return false;
  }

  if (!(aURI instanceof Ci.nsIURI)) {
    aURI = makeURI(aURI, null, null);
  }
  var isBrowserWindow = !!window.gBrowser;
  if (isBrowserWindow && switchIfURIInWindow(window)) {
    return true;
  }
  var wm = Cc["@mozilla.org/appshell/window-mediator;1"].
           getService(Ci.nsIWindowMediator);
  var winEnum = wm.getEnumerator("navigator:browser");
  while (winEnum.hasMoreElements()) {
    let browserWin = winEnum.getNext();
    if (browserWin.closed || browserWin == window) {
      continue;
    }
    if (switchIfURIInWindow(browserWin)) {
      return true;
    }
  }
  if (aOpenNew) {
    if (isBrowserWindow && isTabEmpty(gBrowser.selectedTab)) {
      gBrowser.selectedBrowser.loadURI(aURI.spec);
      gBrowser.tabContainer.mTabstrip
                           .ensureElementIsVisible(gBrowser.selectedTab);
    }
    else
      openUILinkIn(aURI.spec, "tab");
  }
  return false;
}

function isTabEmpty(aTab) {
  var browser = aTab.linkedBrowser;
  var uri = browser.currentURI.spec;
  var body = browser.contentDocument.body;
  return browser.sessionHistory.count < 2 &&
         (uri == "about:blank") &&
         (!body || !body.hasChildNodes()) &&
         !aTab.hasAttribute("busy");
}
]]></initcode>
  <code><![CDATA[/*
References:
- http://mxr.mozilla.org/mozilla-central/source/toolkit/content/aboutAbout.xhtml
  or enter 'view-source:about:about' in location bar
*/
]]></code>
  <accelkey><![CDATA[]]></accelkey>
  <help><![CDATA[]]></help>
  <attributes/>
</custombutton>