<?xml version="1.0" encoding="UTF-8"?>
<custombutton xmlns:cb="http://xsms.nm.ru/custombuttons/"
              xmlns:html="http://www.w3.org/1999/xhtml">
  <html:head>
    <html:title><![CDATA[Annoyance Options]]></html:title>
    <html:link rel="shortcut icon" href=""/>
    <html:style type="text/css"><![CDATA[body { font-size: medium; margin: 0; }
body, code:before, help:before, initcode:before {
  font-family: "Verdana", sans-serif;
}
#wrapper { position: fixed; top: 1em; right: 1em; text-align: center; }
p { font-size: small; text-align: center; }
#button {
  background-color: rgb(85, 168, 2);
  background-image: linear-gradient(to bottom, rgb(147, 200, 94), rgb(85, 168, 2));
  background-image: -moz-linear-gradient(top, rgb(147, 200, 94), rgb(85, 168, 2));
  background-image: -o-linear-gradient(top, rgb(147, 200, 94), rgb(85, 168, 2));
  background-image: -webkit-linear-gradient(top, rgb(147, 200, 94), rgb(85, 168, 2));
  border: 1px solid rgb(58, 116, 4);
  border-radius: .5em;
  -moz-border-radius: .5em;
  -webkit-border-radius: .5em;
  padding: 0;
  margin-bottom: 1em;
  box-shadow: 1px 2px 3px rgba(0, 0, 0, .25);
  -moz-box-shadow: 1px 2px 3px rgba(0, 0, 0, .25);
  -o-box-shadow: 1px 2px 3px rgba(0, 0, 0, .25);
  -webkit-box-shadow: 1px 2px 3px rgba(0, 0, 0, .25);
}
#button a {
  color: #000;
  text-shadow: -1pt -1px 0pt rgba(255, 255, 255, .5);
  padding: 1em;
  text-decoration: none;
}
#button a, code, code:before, initcode, initcode:before, help, help:before {
  display: block;
}
#credits { position: fixed; bottom: 1em; right: 1em; font-size: small; }
custombutton { background-color: rgb(171, 171, 171); margin: 1em; }
date, image, mode, accelkey { display: none; }
name { font-weight: bold; font-size: x-large; }
code:before, help:before, initcode:before {
  font-weight: bold;
  font-size: large;
  margin: 0 0 1em;
  padding: .5em;
}
code:before { content: "CODE"; }
help:before { content: "Help"; }
initcode:before { content: "Initialization Code"; }
code, initcode, help {
  background-color: rgb(255, 255, 255);
  border: 1px inset rgb(170, 170, 170);
  font: medium monospace;
  margin: 1em 1em 2em 0;
  padding: 1em;
  text-align: left;
  width: 840px;
  white-space: pre-wrap;
  word-wrap: break-word;
}
.clear { clear: both; }
]]></html:style>
  </html:head>
  <html:body>
    <html:div id="wrapper">
      <html:div id="button">
        <html:a href="custombutton://%3C%3Fxml%20version%3D%221.0%22%20encoding%3D%22UTF-8%22%3F%3E%0D%0A%3Ccustombutton%20xmlns%3Acb%3D%22http%3A//xsms.nm.ru/custombuttons/%22%3E%0A%20%20%3Cname%3EAnnoyance%20Options%3C/name%3E%0A%20%20%3Cimage%3E%3C%21%5BCDATA%5Bcustombuttons-stdicon-3%5D%5D%3E%3C/image%3E%0A%20%20%3Cmode%3E0%3C/mode%3E%0A%20%20%3Cinitcode%3E%3C%21%5BCDATA%5Bfunction%20getPref%28aPrefName%29%20%7B%0A%20%20switch%28cbu.ps.getPrefType%28aPrefName%29%29%20%7B%0A%20%20%20%20case%20%2032%3A%20return%20cbu.ps.getCharPref%28aPrefName%29%3B%20break%3B%0A%20%20%20%20case%20128%3A%20return%20cbu.ps.getBoolPref%28aPrefName%29%3B%0A%20%20%7D%0A%7D%0A%0Avar%20mp%20%3D%20%3Cmenupopup%20xmlns%3D%7Bxulns%7D%0A%20%20%20%20%20%20%20%20%20%20%20%20%20%20%20%20%20%20%20oncommand%3D%22this.parentNode.setPref%28event.target%29%22%0A%20%20%20%20%20%20%20%20%20%20%20%20%20%20%20%20%20%20%20onpopupshowing%3D%22this.parentNode.popupShowing%28this%29%3B%22/%3E%3B%0A%0Afunction%20addMenuitem%28aNode%2C%20aType%2C%20aLabel%2C%20aValue%2C%20aChecked%29%20%7B%0A%20%20aNode.appendChild%28cbu.makeXML%28%3Cmenuitem%20xmlns%3D%7Bxulns%7D%20type%3D%7BaType%7D%0A%20%20%20%20%20%20%20%20%20%20%20%20%20%20%20%20%20%20%20%20%20%20%20%20%20%20%20%20%20%20%20%20%20%20%20%20%20%20%20%20%20%20label%3D%7BaLabel%7D%20value%3D%7BaValue%7D%0A%20%20%20%20%20%20%20%20%20%20%20%20%20%20%20%20%20%20%20%20%20%20%20%20%20%20%20%20%20%20%20%20%20%20%20%20%20%20%20%20%20%20checked%3D%7BaChecked%7D/%3E%29%29%3B%0A%7D%0A%0Athis.appendChild%28cbu.makeXML%28mp%29%29%3B%0Athis.type%20%3D%20%22menu%22%3B%0A%0Athis.setPref%20%3D%20function%20setPref%28aNode%29%20%7B%0A%20%20switch%20%28aNode.getAttribute%28%22type%22%29%29%20%7B%0A%20%20%20%20case%20%22radio%22%3A%0A%20%20%20%20%20%20cbu.ps.setCharPref%28%22image.animation_mode%22%2C%20aNode.value%29%3B%0A%20%20%20%20%20%20break%0A%20%20%20%20case%20%22checkbox%22%3A%0A%20%20%20%20%20%20cbu.ps.setBoolPref%28%22browser.blink_allowed%22%2C%0A%20%20%20%20%20%20%20%20%20%20%20%20%20%20%20%20%20%20%20%20%20%20%20%20%20%21getPref%28%22browser.blink_allowed%22%29%29%3B%0A%20%20%7D%0A%7D%0A%0Athis.popupShowing%20%3D%20function%20popupShowing%28aNode%29%20%7B%0A%20%20while%20%28aNode.lastChild%29%20%7B%0A%20%20%20%20aNode.removeChild%28aNode.lastChild%29%3B%0A%20%20%7D%0A%0A%20%20var%20anims%20%3D%20%5B%7Blabel%3A%20%22Animation%20Normal%22%2C%20value%3A%20%22normal%22%7D%2C%0A%20%20%20%20%20%20%20%20%20%20%20%20%20%20%20%7Blabel%3A%20%22Animation%20Once%22%2C%20%20%20value%3A%20%22once%22%7D%2C%0A%20%20%20%20%20%20%20%20%20%20%20%20%20%20%20%7Blabel%3A%20%22Animation%20None%22%2C%20%20%20value%3A%20%22none%22%7D%5D%0A%0A%20%20for%20%28var%20i%20%3D%200%3B%20i%20%3C%20anims.length%3B%20i++%29%20%7B%0A%20%20%20%20addMenuitem%28aNode%2C%20%22radio%22%2C%20anims%5Bi%5D.label%2C%20anims%5Bi%5D.value%2C%0A%20%20%20%20%20%20%20%20%20%20%20%20%20%20%20%20anims%5Bi%5D.value%20%3D%3D%20getPref%28%22image.animation_mode%22%29%29%3B%0A%20%20%7D%0A%20%20aNode.appendChild%28cbu.makeXML%28%3Cmenuseparator%20xmlns%3D%7Bxulns%7D/%3E%29%29%3B%0A%20%20addMenuitem%28aNode%2C%20%22checkbox%22%2C%20%22Blinking%20Allowed%22%2C%0A%20%20%20%20%20%20%20%20%20%20%20%20%20%20getPref%28%22browser.blink_allowed%22%29%2C%0A%20%20%20%20%20%20%20%20%20%20%20%20%20%20getPref%28%22browser.blink_allowed%22%29%29%3B%0A%7D%0A%0A%0A%5D%5D%3E%3C/initcode%3E%0A%20%20%3Ccode%3E%3C%21%5BCDATA%5B/*CODE*/%5D%5D%3E%3C/code%3E%0A%20%20%3Caccelkey%3E%3C%21%5BCDATA%5B%5D%5D%3E%3C/accelkey%3E%0A%20%20%3Chelp%3E%3C%21%5BCDATA%5B%5D%5D%3E%3C/help%3E%0A%20%20%3Cattributes/%3E%0A%3C/custombutton%3E" rel="nofollow" title="Install Annoyance Options">
        <![CDATA[Install this button]]>
        </html:a>
      </html:div>
      <html:a href="https://addons.mozilla.org/addon/custom-buttons/?src=custom-buttons-xml">
        <![CDATA[What's this?]]>
      </html:a>
      <html:div id="credits">
        <html:a href="http://custombuttons.sourceforge.net/forum/viewtopic.php?t=78#p197">
          <![CDATA[Custom Buttons XML]]><html:br/><![CDATA[Exporter/Importer]]>
        </html:a>
      </html:div>
    </html:div>
  </html:body>
  <date id="date" value="20120329"/>
  <name>Annoyance Options</name>
  <image><![CDATA[custombuttons-stdicon-3]]></image>
  <mode>0</mode>
  <initcode><![CDATA[function getPref(aPrefName) {
  switch(cbu.ps.getPrefType(aPrefName)) {
    case  32: return cbu.ps.getCharPref(aPrefName); break;
    case 128: return cbu.ps.getBoolPref(aPrefName);
  }
}

var mp = <menupopup xmlns={xulns}
                   oncommand="this.parentNode.setPref(event.target)"
                   onpopupshowing="this.parentNode.popupShowing(this);"/>;

function addMenuitem(aNode, aType, aLabel, aValue, aChecked) {
  aNode.appendChild(cbu.makeXML(<menuitem xmlns={xulns} type={aType}
                                          label={aLabel} value={aValue}
                                          checked={aChecked}/>));
}

this.appendChild(cbu.makeXML(mp));
this.type = "menu";

this.setPref = function setPref(aNode) {
  switch (aNode.getAttribute("type")) {
    case "radio":
      cbu.ps.setCharPref("image.animation_mode", aNode.value);
      break
    case "checkbox":
      cbu.ps.setBoolPref("browser.blink_allowed",
                         !getPref("browser.blink_allowed"));
  }
}

this.popupShowing = function popupShowing(aNode) {
  while (aNode.lastChild) {
    aNode.removeChild(aNode.lastChild);
  }

  var anims = [{label: "Animation Normal", value: "normal"},
               {label: "Animation Once",   value: "once"},
               {label: "Animation None",   value: "none"}]

  for (var i = 0; i < anims.length; i++) {
    addMenuitem(aNode, "radio", anims[i].label, anims[i].value,
                anims[i].value == getPref("image.animation_mode"));
  }
  aNode.appendChild(cbu.makeXML(<menuseparator xmlns={xulns}/>));
  addMenuitem(aNode, "checkbox", "Blinking Allowed",
              getPref("browser.blink_allowed"),
              getPref("browser.blink_allowed"));
}


]]></initcode>
  <code><![CDATA[/*CODE*/]]></code>
  <accelkey><![CDATA[]]></accelkey>
  <help><![CDATA[]]></help>
  <attributes/>
</custombutton>