<?xml version="1.0" encoding="UTF-8"?>
<custombutton xmlns:cb="http://xsms.nm.ru/custombuttons/"
              xmlns:html="http://www.w3.org/1999/xhtml">
  <html:head>
    <html:title><![CDATA[Cut &amp; Paste Button]]></html:title>
    <html:link rel="shortcut icon" href=""/>
    <html:style type="text/css"><![CDATA[
body { font-size: medium; margin: 0; }
body, code:before, help:before, initcode:before {
  font-family: "Verdana", sans-serif;
}
#wrapper { position: fixed; top: 1em; right: 1em; text-align: center; }
p { font-size: small; text-align: center; }
#button {
  background-color: rgb(85, 168, 2);
  background-image: linear-gradient(to bottom, rgb(147, 200, 94), rgb(85, 168, 2));
  background-image: -moz-linear-gradient(top, rgb(147, 200, 94), rgb(85, 168, 2));
  background-image: -o-linear-gradient(top, rgb(147, 200, 94), rgb(85, 168, 2));
  background-image: -webkit-linear-gradient(top, rgb(147, 200, 94), rgb(85, 168, 2));
  border: 1px solid rgb(58, 116, 4);
  border-radius: .5em;
  -moz-border-radius: .5em;
  -webkit-border-radius: .5em;
  padding: 0;
  margin-bottom: 1em;
  box-shadow: 1px 2px 3px rgba(0, 0, 0, .25);
  -moz-box-shadow: 1px 2px 3px rgba(0, 0, 0, .25);
  -o-box-shadow: 1px 2px 3px rgba(0, 0, 0, .25);
  -webkit-box-shadow: 1px 2px 3px rgba(0, 0, 0, .25);
}
#button a {
  color: #000;
  text-shadow: -1pt -1px 0pt rgba(255, 255, 255, .5);
  padding: 1em;
  text-decoration: none;
}
:-moz-any-link:focus {
  color: white;
  outline-color: transparent;
  text-decoration: none;
}
#button a, code, code:before, initcode, initcode:before, help, help:before {
  display: block;
}
#credits { position: fixed; bottom: 1em; right: 1em; font-size: small; }
custombutton { background-color: rgb(171, 171, 171); margin: 1em; }
date, image, mode, accelkey { display: none; }
name { font-weight: bold; font-size: x-large; }
code:before, help:before, initcode:before {
  font-weight: bold;
  font-size: large;
  margin: 0 0 1em;
  padding: .5em;
}
code:before { content: "CODE"; }
help:before { content: "Help"; }
initcode:before { content: "Initialization Code"; }
code, initcode, help {
  background-color: rgb(255, 255, 255);
  border: 1px inset rgb(170, 170, 170);
  font: medium monospace;
  margin: 1em 1em 2em 0;
  padding: 1em;
  text-align: left;
  width: 840px;
  white-space: pre-wrap;
  word-wrap: break-word;
}
.clear { clear: both; }
]]></html:style>
  </html:head>
  <html:body>
    <html:div id="wrapper">
      <html:div id="button">
        <html:a href="custombutton://%3C%3Fxml%20version%3D%221.0%22%20encoding%3D%22UTF-8%22%3F%3E%0D%0A%3Ccustombutton%20xmlns%3Acb%3D%22http%3A//xsms.nm.ru/custombuttons/%22%3E%0A%20%20%3Cname%3ECut%20%26amp%3B%20Paste%20Button%3C/name%3E%0A%20%20%3Cimage%3E%3C%21%5BCDATA%5Bcustombuttons-stdicon-2%5D%5D%3E%3C/image%3E%0A%20%20%3Cmode%3E0%3C/mode%3E%0A%20%20%3Cinitcode%3E%3C%21%5BCDATA%5Bfunction%20%24xml%28aXML%29%20%7B%0A%20%20return%20%28new%20DOMParser%29.parseFromString%28aXML%2C%20%22application/xml%22%29%0A%20%20%20%20%20%20%20%20%20%20%20%20%20%20%20%20%20%20%20%20%20%20%20%20.documentElement%3B%0A%7D%0A%0Aconst%20CB%20%3D%20custombuttons%3B%0Aconst%20CBS%20%3D%20CB.cbService%3B%0Aconst%20sCBCtxtMenu%20%3D%20CB2const.sCBCtxtMenu%3B%0A%0Avar%20cbCtxtMenu%20%3D%20%24%28sCBCtxtMenu%29%3B%0A%0Athis.clipboard%20%3D%20%22%22%3B%0A%0Avar%20items%20%3D%20%5B%0A%20%20%7B%20id%3A%20sCBCtxtMenu%20+%20%22-cut%22%2C%0A%20%20%20%20label%3A%20%22Cut%22%2C%0A%20%20%20%20command%3A%20%22c%22%2C%0A%20%20%20%20icon%3A%20%22data%3Aimage/png%3Bbase64%2C%5C%0AiVBORw0KGgoAAAANSUhEUgAAABAAAAAQCAYAAAAf8/9hAAAABmJLR0QAAAAAAAD5Q7t/AAAACXBI%5C%0AWXMAAAsTAAALEwEAmpwYAAAAB3RJTUUH1QocFh0xaEFkXgAAArRJREFUOMuFk11Ik1EYx59z3nev%5C%0Ar9vUfaXbbPgVaHjRVRB0YZRJV0XeZCIRaGmWWKhpgZAElaV9gYgQlBjoEPRKkCS6DAK1MG0zNvJj%5C%0A7zZ1m+51X+92zttNzmFa5+78/w8//s/znIMg5TzrfXIOAN7zPO9tunm7dI/Xz7LspTvNrbpUHade%5C%0AGIYZu9XYrI1Go8t9/a87Uz0Fq7hw5nS55sWrnk8HAggh/E+HHdfV1lcQQo7t6E97HpeZc82m7ZCI%5C%0AKKUnDgRgjENLS7+AT0tDsVisdCcFy7JThYWF4HF7KKXU8a8EFTabDVZdK6iutr44kUic6nnePVBS%5C%0AUqJAgMHhdAAAWA8E3G299xljvLy4aAc+jUeSJB3X6/TXZAqwvrFGAWCiraXj4YEAAABKaeXCjwV5%5C%0Abc0DjTeaVPFEHIliEObm5iQA6Npb/xegraVjGmM8ZF+00WBwC2s0GhDcgizL8ru2lo7p/wL+pJia%5C%0AnZnGTqcD0jkeMt8ORhBCb/arRXuFMaOxl1B6Pb65qSblZTIz+REVGHNAIHQLITRQ6fG07wsYM5k6%5C%0A437/g6MmEyQoRd6tTdkX3h5mZVRVkJ3D8BxHJVkG5/o6KLKyrla63UPJFsbN5hrJ5+sqNhrpwsrK%5C%0AVDASlgJBEdfEaU2UIzqWwTQQEhOO1dUPR/R6EvP5BsfN5t2XOmowCPNFRWSEYe4DAMxYLCGrUpnY%5C%0A8UcYhnzJNQcBAIYxbv+Wn09GDQZhd4ixmF6SJFJFyKMJleqlgmV5hLE9OWmOm1Hz6arJjIy+y5R2%5C%0AgyxTIMSwC+A4Qa1UMl/z8mImna5pXhC8iszMK8mPpNU2fHe5Ng4fOtQwa7HECKUYMA4AADAAANVa%5C%0Arc/l95/0SxIbAJA5tfrsRUFI7twqiu7q7GyPNxDI8YfDGl8k4lOoVOetouj+DaDzOgfcNME8AAAA%5C%0AAElFTkSuQmCC%22%20%7D%2C%0A%20%20%7B%20id%3A%20sCBCtxtMenu%20+%20%22-paste%22%2C%0A%20%20%20%20label%3A%20%22Paste%22%2C%0A%20%20%20%20command%3A%20%22p%22%2C%0A%20%20%20%20icon%3A%20%22chrome%3A//custombuttons/skin/paste1.png%22%20%7D%0A%5D%3B%0A%0Afor%20%28var%20i%20%3D%200%3B%20i%20%3C%20items.length%3B%20i++%29%20%7B%0A%20%20%24%28items%5Bi%5D.id%29%20%26%26%20cbCtxtMenu.removeChild%28%24%28items%5Bi%5D.id%29%29%3B%0A%20%20let%20m%20%3D%20menuitem%28items%5Bi%5D.id%2C%0A%20%20%20%20%20%20%20%20%20%20%20%20%20%20%20%20%20%20%20items%5Bi%5D.label%20+%20%22%20Button%22%2C%0A%20%20%20%20%20%20%20%20%20%20%20%20%20%20%20%20%20%20%20items%5Bi%5D.command%20%3D%3D%20%22c%22%20%3F%20%22cut%28%29%3B%22%20%3A%20%22paste%28%29%3B%22%2C%0A%20%20%20%20%20%20%20%20%20%20%20%20%20%20%20%20%20%20%20items%5Bi%5D.icon%29%3B%0A%20%20switch%20%28items%5Bi%5D.command%29%20%7B%0A%20%20%20%20case%20%22c%22%3A%20%20%20m.cut%20%3D%20%20%20cut.bind%28%29%3B%20break%3B%0A%20%20%20%20case%20%22p%22%3A%20m.paste%20%3D%20paste.bind%28%29%3B%0A%20%20%7D%0A%7D%0A%0AcbCtxtMenu.addEventListener%28%22popupshowing%22%2C%20popupShowing%2C%20false%29%3B%0AcbCtxtMenu.removeEventListener%28%22popuphiding%22%2C%20popupShowing%2C%20false%29%3B%0A%0Afunction%20%24%28aId%29%20%7B%0A%20%20return%20document.getElementById%28aId%29%3B%0A%7D%0A%0Afunction%20menuitem%28aId%2C%20aLabel%2C%20aCommand%2C%20aIcon%29%20%7B%0A%20%20var%20x%20%3D%20%27%3Cmenuitem%20xmlns%3D%22%27%20+%20xulns%20+%20%27%22%20id%3D%22%27%20+%20aId%20+%20%27%22%27%20+%0A%20%20%20%20%20%20%20%20%20%20%27%20label%3D%22%27%20+%20aLabel%20+%20%27%22%27%20+%0A%20%20%20%20%20%20%20%20%20%20%27%20class%3D%22menuitem-iconic%22%20image%3D%22%27%20+%20aIcon%20+%20%27%22%27%20+%0A%20%20%20%20%20%20%20%20%20%20%27%20oncommand%3D%22%27%20+%20aCommand%20+%20%27%22/%3E%27%3B%0A%20%20var%20s%20%3D%20%24%28sCBCtxtMenu%20+%20CB2const.sCBCtxtMenuSep2%29%3B%0A%20%20return%20cbCtxtMenu.insertBefore%28%24xml%28x%29%2C%20s%29%3B%0A%7D%0A%0Afunction%20popupShowing%28aEvent%29%20%7B%0A%20%20//LOG%28aEvent.target.id%29%3B%0A%20%20var%20button%20%3D%20%22triggerNode%22%20in%20aEvent.target%20%3F%20aEvent.target.triggerNode%0A%20%20%20%20%20%20%20%20%20%20%20%20%20%20%20%20%20%20%20%20%20%20%20%20%20%20%20%20%20%20%20%20%20%20%20%20%20%20%20%20%20%20%20%20%20%20%3A%20document.popupNode%3B%0A%20%20var%20copied%20%3D%20/%5Ecustombutton%3A%5C/%5C//.test%28self.clipboard%29%3B%0A%20%20%24%28items%5B0%5D.id%29.hidden%20%3D%20copied%20%7C%7C%20button%20%3D%3D%20self%3B%0A%20%20%24%28items%5B1%5D.id%29.hidden%20%3D%20%21copied%3B%0A%7D%0A%0Afunction%20convertURItoDOM%28aURL%29%20%7B%0A%20%20var%20string%20%3D%20unescape%28aURL.replace%28/%5Ecustombutton%5C%3A%5C/%5C//%2C%20%22%22%29.toString%28%29%29%3B%0A%20%20var%20dom%20%3D%20%28new%20DOMParser%28%29%29.parseFromString%28string%2C%20%22text/xml%22%29%3B%0A%20%20if%20%28dom.documentElement.nodeName%20%3D%3D%20%22parsererror%22%29%20%7B%0A%20%20%20%20return%20null%3B%0A%20%20%7D%20else%20%7B%0A%20%20%20%20return%20dom.documentElement%3B%0A%20%20%7D%0A%7D%0A%0Afunction%20getParamValue%28aDocument%2C%20aNodeName%29%20%7B%0A%20%20var%20result%20%3D%20%22%22%3B%0A%20%20%20%20var%20node%20%3D%20aDocument.getElementsByTagName%28aNodeName%29%5B0%5D%3B%0A%20%20%20%20if%20%28%21node%29%20return%20result%3B%0A%20%20%20%20if%20%28%21node.firstChild%20%7C%7C%20%28node.firstChild%20%26%26%0A%20%20%20%20%20%20%20%20%28node.firstChild.nodeType%20%3D%3D%20node.TEXT_NODE%29%29%29%20%7B%0A%20%20%20%20%20%20result%20%3D%20node.%20textContent%3B%0A%20%20%20%20%7D%20else%20%7B%20%20//%20CDATA%0A%20%20%20%20%20%20result%20%3D%20node.firstChild.textContent%3B%0A%20%20%20%20%7D%0A%20%20return%20result%3B%0A%7D%0A%0Afunction%20getButtonParameters%28aButtonLink%2C%20aURL%29%20%7B%0A%20%20var%20dom%20%3D%20convertURItoDOM%28aURL%29%3B%0A%20%20var%20params%20%3D%20CBS.getButtonParameters%28aButtonLink%29.wrappedJSObject%3B%0A%20%20params.name%20%20%20%20%20%20%20%20%20%20%20%20%20%3D%20getParamValue%28dom%2C%20%22name%22%29%0A%20%20params.image%20%20%20%20%20%20%20%20%20%20%20%20%3D%20getParamValue%28dom%2C%20%22image%22%29%20%7C%7C%0A%20%20%20%20%20%20%20%20%20%20%20%20%20%20%20%20%20%20%20%20%20%20%20%20%20%20%20%20getParamValue%28dom%2C%20%22stdicon%22%29%3B%0A%20%20params.code%20%20%20%20%20%20%20%20%20%20%20%20%20%3D%20getParamValue%28dom%2C%20%22code%22%29%0A%20%20params.initCode%20%20%20%20%20%20%20%20%20%3D%20getParamValue%28dom%2C%20%22initcode%22%29%0A%20%20params.help%20%20%20%20%20%20%20%20%20%20%20%20%20%3D%20getParamValue%28dom%2C%20%22help%22%29%0A%20%20params.accelkey%20%20%20%20%20%20%20%20%20%3D%20getParamValue%28dom%2C%20%22accelkey%22%29%0A%20%20params.mode%20%20%20%20%20%20%20%20%20%20%20%20%20%3D%20getParamValue%28dom%2C%20%22mode%22%29%0A%20%20params.wrappedJSObject%20%20%3D%20params%3B%0A%20%20return%20params%3B%0A%7D%0A%0Afunction%20cut%28aButton%29%20%7B%0A%20%20if%20%28%21aButton%29%20%7B%0A%20%20%20%20aButton%20%3D%20%22triggerNode%22%20in%20cbCtxtMenu%20%3F%20cbCtxtMenu.triggerNode%0A%20%20%20%20%20%20%20%20%20%20%20%20%20%20%20%20%20%20%20%20%20%20%20%20%20%20%20%20%20%20%20%20%20%20%20%20%20%20%20%20%20%20%3A%20document.popupNode%3B%0A%20%20%7D%0A%20%20self.clipboard%20%3D%20aButton.URI%3B%0A%20%20var%20toolbarID%20%3D%20aButton.parentNode.id%3B%0A%20%20var%20buttonID%20%3D%20aButton.id%3B%0A%20%20var%20buttonsToRemove%20%3D%20document.getElementsByAttribute%28%22id%22%2C%20buttonID%29%3B%0A%20%20var%20removeFromOverlay%20%3D%20buttonsToRemove.length%20%3D%3D%201%3B%0A%20%20CBS.removeButton%28aButton%2C%20removeFromOverlay%29%3B%0A%20%20CB.persistCurrentSets%28toolbarID%2C%20buttonID%2C%20null%29%3B%0A%7D%0A%0Afunction%20paste%28aButton%29%20%7B%0A%20%20if%20%28%21aButton%29%20%7B%0A%20%20%20%20aButton%20%3D%20%22triggerNode%22%20in%20cbCtxtMenu%20%3F%20cbCtxtMenu.triggerNode%0A%20%20%20%20%20%20%20%20%20%20%20%20%20%20%20%20%20%20%20%20%20%20%20%20%20%20%20%20%20%20%20%20%20%20%20%20%20%20%20%20%20%20%3A%20document.popupNode%3B%0A%20%20%7D%0A%20%20CB.cloneButton%28aButton%2C%20true%29%3B%0A%20%20var%20newButton%20%3D%20CB.makeButtonLink%28%22update%22%2C%20aButton.nextSibling.id%29%3B%0A%20%20var%20url%20%3D%20self.clipboard%3B%0A%20%20var%20params%20%3D%20getButtonParameters%28newButton%2C%20url%29%3B%0A%20%20//inspectObject%28params%29%3B%0A%20%20CBS.installButton%28params%29%3B%0A%20%20self.clipboard%20%3D%20%22%22%3B%0A%7D%0A%0Athis.onDestroy%20%3D%20function%28aReason%29%20%7B%0A%20%20cbCtxtMenu.removeEventListener%28%22popupshowing%22%2C%20popupShowing%2C%20false%29%3B%0A%20%20for%20%28var%20i%20%3D%200%3B%20i%20%3C%20items.length%3B%20i++%29%20%7B%0A%20%20%20%20%24%28items%5Bi%5D.id%29%20%26%26%20cbCtxtMenu.removeChild%28%24%28items%5Bi%5D.id%29%29%3B%0A%20%20%7D%0A%7D%0A%0A////////////////////////////////////////////////////////////////////////////%0A///////////////////////////%20Start%20Button%20updater%20///////////////////////////%0A%0A/*%20*****%20BEGIN%20LICENSE%20BLOCK%20*****%0A%20*%20Version%3A%20MPL%201.1/GPL%202.0%0A%20*%0A%20*%20The%20contents%20of%20this%20file%20are%20subject%20to%20the%20Mozilla%20Public%20License%0A%20*%20Version%201.1%20%28the%20%22License%22%29%3B%20you%20may%20not%20use%20this%20file%20except%20in%0A%20*%20compliance%20with%20the%20License.%20You%20may%20obtain%20a%20copy%20of%20the%20License%20at%0A%20*%20http%3A//www.mozilla.org/MPL/1.1/%0A%20*%0A%20*%20Software%20distributed%20under%20the%20License%20is%20distributed%20on%20an%20%22AS%20IS%22%20basis%2C%0A%20*%20WITHOUT%20WARRANTY%20OF%20ANY%20KIND%2C%20either%20express%20or%20implied.%20See%20the%20License%0A%20*%20for%20the%20specific%20language%20governing%20rights%20and%20limitations%20under%20the%0A%20*%20License.%0A%20*%0A%20*%20Original%20code%20is%20Button%20Updater%20for%20Custom%20Buttons%20extension%0A%20*%0A%20*%20The%20Initial%20Developer%20of%20the%20Original%20Code%20is%20LouCypher.%0A%20*%20Portions%20created%20by%20the%20Initial%20Developer%20are%20Copyright%20%28C%29%202011%0A%20*%20the%20Initial%20Developer.%20All%20Rights%20Reserved.%0A%20*%0A%20*%20Contributor%28s%29%3A%0A%20*%20-%20LouCypher%3A%20original%20code%0A%20*%0A%20*%20Alternatively%2C%20the%20contents%20of%20this%20file%20may%20be%20used%20under%20the%20terms%20of%0A%20*%20the%20GNU%20General%20Public%20License%20Version%202%20or%20later%20%28the%20%22GPL%22%29%2C%20in%20which%0A%20*%20case%20the%20provisions%20of%20the%20GPL%20are%20applicable%20instead%20of%20those%20above.%0A%20*%0A%20*%20*****%20END%20LICENSE%20BLOCK%20*****%20*/%0A%0Athis.updater%20%3D%20%7B%0A%20%20btnClick%3A%20self.onclick%2C%0A%20%20btnType%3A%20self.type%2C%0A%20%20btnImage%3A%20self.image%2C%0A%20%20btnTooltip%3A%20self.tooltipText%2C%0A%0A%20%20baseURL%3A%20%22https%3A//loucypher.googlecode.com/svn/custombuttons/xml/%22%2C%0A%0A%20%20get%20updateURL%28%29%20%7B%0A%20%20%20%20return%20this.baseURL%20+%20encodeURIComponent%28self.name.replace%28/%28%5C/%7C%3A%29/g%2C%20%22-%22%29%29%0A%20%20%20%20%20%20%20%20%20%20%20%20%20%20%20%20%20%20%20%20%20%20%20%20+%20%22.xml%22%3B%0A%20%20%7D%2C%0A%0A%20%20openUpdateURL%3A%20function%20updater_openUpdateURL%28%29%20%7B%0A%20%20%20%20switchToTabHavingURI%28this.updateURL%29%3B%0A%20%20%7D%2C%0A%0A%20%20get%20stdIcon%28%29%20%7B%0A%20%20%20%20var%20stdIcon%20%3D%20parseInt%28self.cbStdIcon.match%28/%5Cd/%29%29%3B%0A%20%20%20%20switch%20%28stdIcon%29%20%7B%0A%20%20%20%20%20%20%20case%204%3A%20return%20%22chrome%3A//custombuttons/skin/stdicons/bbutton.png%22%3B%0A%20%20%20%20%20%20%20case%203%3A%20return%20%22chrome%3A//custombuttons/skin/stdicons/gbutton.png%22%3B%0A%20%20%20%20%20%20%20case%202%3A%20return%20%22chrome%3A//custombuttons/skin/stdicons/rbutton.png%22%3B%0A%20%20%20%20%20%20default%3A%20return%20%22chrome%3A//custombuttons/skin/button.png%22%3B%0A%20%20%20%20%7D%0A%20%20%7D%2C%0A%0A%20%20get%20bsyIcon%28%29%20%7B%0A%20%20%20%20switch%20%28Application.id%29%20%7B%0A%20%20%20%20%20%20case%20%22%7Bec8030f7-c20a-464f-9b0e-13a3a9e97384%7D%22%3A%0A%20%20%20%20%20%20%20%20if%20%28Application.version%20%3E%3D%20%224%22%29%20%7B%0A%20%20%20%20%20%20%20%20%20%20return%20%22chrome%3A//browser/skin/tabbrowser/connecting.png%22%3B%0A%20%20%20%20%20%20%20%20%7D%20else%20%7B%0A%20%20%20%20%20%20%20%20%20%20return%20%22chrome%3A//global/skin/icons/loading_16.png%22%3B%0A%20%20%20%20%20%20%20%20%7D%0A%20%20%20%20%20%20case%20%22%7B92650c4d-4b8e-4d2a-b7eb-24ecf4f6b63a%7D%22%3A%0A%20%20%20%20%20%20%20%20return%20%22chrome%3A//communicator/skin/icons/loading.gif%22%3B%0A%20%20%20%20%20%20default%3A%0A%20%20%20%20%20%20%20%20return%20%22chrome%3A//custombuttons/skin/button.png%22%3B%0A%20%20%20%20%7D%0A%20%20%7D%2C%0A%0A%20%20//%20Check%20if%20the%20URI%20is%20Custom%20Button%20URI%20%28custombutton%3A//...%29%0A%20%20isValidCbURI%3A%20function%20updater_isValidCbURI%28aURL%29%20%7B%0A%20%20%20%20if%20%28%21aURL%29%20return%20false%3B%0A%20%20%20%20return%20/%5Ecustombutton%5C%3A%5C/%5C//.test%28aURL%29%3B%0A%20%20%7D%2C%0A%0A%20%20//%20Convert%20%27custombutton%3A%27%20URI%20to%20DOM%0A%20%20convertURItoDOM%3A%20function%20updater_convertURItoDOM%28aURL%29%20%7B%0A%20%20%20%20if%20%28%21this.isValidCbURI%28aURL%29%29%20%7B%0A%20%20%20%20%20%20custombuttons.alertBox%28self.name%2C%20%22Not%20a%20Custom%20Buttons%20link%21%22%29%3B%0A%20%20%20%20%20%20return%3B%0A%20%20%20%20%7D%0A%20%20%20%20var%20string%20%3D%20unescape%28aURL.replace%28/%5Ecustombutton%5C%3A%5C/%5C//%2C%20%22%22%29.toString%28%29%29%3B%0A%20%20%20%20var%20parser%20%3D%20new%20DOMParser%28%29%3B%0A%20%20%20%20var%20dom%20%3D%20parser.parseFromString%28string%2C%20%22text/xml%22%29%3B%0A%20%20%20%20if%20%28dom.documentElement.nodeName%20%3D%3D%20%22parsererror%22%29%20%7B%0A%20%20%20%20%20%20return%20null%3B%0A%20%20%20%20%7D%20else%20%7B%0A%20%20%20%20%20%20return%20dom.documentElement%3B%0A%20%20%20%20%7D%0A%20%20%7D%2C%0A%0A%20%20//%20Get%20value%20from%20XML%20element%0A%20%20getParamValue%3A%20function%20updater_getParamValue%28aDocument%2C%20aNodeName%29%20%7B%0A%20%20%20%20var%20node%20%3D%20aDocument.querySelector%28aNodeName%29%3B%0A%20%20%20%20if%20%28%21node%29%20return%20%22%22%3B%0A%20%20%20%20if%20%28%21node.firstChild%20%7C%7C%20%28node.firstChild%20%26%26%0A%20%20%20%20%20%20%20%20%28node.firstChild.nodeType%20%3D%3D%20node.TEXT_NODE%29%29%29%20%7B%0A%20%20%20%20%20%20return%20node.textContent%3B%0A%20%20%20%20%7D%20else%20%7B%0A%20%20%20%20%20%20return%20node.firstChild.textContent%3B%0A%20%20%20%20%7D%0A%20%20%7D%2C%0A%0A%20%20//%20Set%20button%20parameters%20from%20XML%20alement%0A%20%20getButtonParameters%3A%20function%20updater_getButtonParameters%28aButtonLink%2C%20aURL%29%20%7B%0A%20%20%20%20var%20dom%20%3D%20this.convertURItoDOM%28aURL%29%3B%0A%20%20%20%20var%20params%20%3D%20custombuttons.cbService.getButtonParameters%28aButtonLink%29%0A%20%20%20%20%20%20%20%20%20%20%20%20%20%20%20%20%20%20%20%20%20%20%20%20%20%20%20%20%20%20%20%20%20%20%20%20%20%20%20%20.wrappedJSObject%3B%0A%20%20%20%20params.name%20%20%20%20%20%20%20%20%20%20%20%20%20%3D%20this.getParamValue%28dom%2C%20%22name%22%29%0A%20%20%20%20params.date%20%20%20%20%20%20%20%20%20%20%20%20%20%3D%20this.getParamValue%28dom%2C%20%22date%22%29%20%7C%7C%20%22%22%3B%0A%20%20%20%20params.image%20%20%20%20%20%20%20%20%20%20%20%20%3D%20this.getParamValue%28dom%2C%20%22image%22%29%20%7C%7C%0A%20%20%20%20%20%20%20%20%20%20%20%20%20%20%20%20%20%20%20%20%20%20%20%20%20%20%20%20%20%20this.getParamValue%28dom%2C%20%22stdicon%22%29%3B%0A%20%20%20%20params.code%20%20%20%20%20%20%20%20%20%20%20%20%20%3D%20this.getParamValue%28dom%2C%20%22code%22%29%0A%20%20%20%20params.initCode%20%20%20%20%20%20%20%20%20%3D%20this.getParamValue%28dom%2C%20%22initcode%22%29%0A%20%20%20%20params.help%20%20%20%20%20%20%20%20%20%20%20%20%20%3D%20this.getParamValue%28dom%2C%20%22help%22%29%0A%20%20%20%20params.accelkey%20%20%20%20%20%20%20%20%20%3D%20this.getParamValue%28dom%2C%20%22accelkey%22%29%0A%20%20%20%20params.mode%20%20%20%20%20%20%20%20%20%20%20%20%20%3D%20this.getParamValue%28dom%2C%20%22mode%22%29%0A%20%20%20%20params.wrappedJSObject%20%20%3D%20params%3B%0A%20%20%20%20return%20params%3B%0A%20%20%7D%2C%0A%0A%20%20//%20Reset%20button%20attribute%20if%20user%20click%20the%20button%20during%20update%0A%20%20resetAttributes%3A%20function%20updater_resetAttributes%28%29%20%7B%0A%20%20%20%20self.image%20%3D%20this.btnImage%3B%0A%20%20%20%20self.tooltipText%20%3D%20self.name%3B%0A%20%20%20%20self.removeAttribute%28%22busy%22%29%3B%0A%20%20%20%20self.onclick%20%3D%20this.btnClick%3B%0A%20%20%20%20self.type%20%3D%20this.btnType%3B%0A%20%20%20%20self.tooltipText%20%3D%20this.btnTooltip%3B%0A%20%20%7D%2C%0A%0A%20%20//%20Check%20button%20for%20update%0A%20%20checkForUpdate%3A%20function%20updater_checkForUpdate%28aCallback%29%20%7B%0A%20%20%20%20if%20%28%21navigator.onLine%29%20%7B%20%20%20%20%20%20%20%20%20%20%20%20%20%20%20%20//%20If%20browser%20is%20in%20offline%20mode%0A%20%20%20%20%20%20%20%20%20%20%20%20%20%20%20%20%20%20%20%20%20%20%20%20%20%20%20%20%20%20%20%20%20%20%20%20%20%20%20%20%20%20%20%20//%20ask%20to%20switch%20to%20online%0A%20%20%20%20%20%20var%20online%20%3D%20custombuttons.confirmBox%28self.name%2C%0A%20%20%20%20%20%20%20%20%20%20%20%20%20%20%20%20%20%20%20%20%20%20%20%20%20%20%20%20%20%22Firefox%20is%20currently%20in%20offline%20mode.%5Cn%22%0A%20%20%20%20%20%20%20%20%20%20%20%20%20%20%20%20%20%20%20%20%20%20%20%20%20%20%20+%20%22Switch%20to%20online%20mode%20and%20try%20again%3F%22%2C%0A%20%20%20%20%20%20%20%20%20%20%20%20%20%20%20%20%20%20%20%20%20%20%20%20%20%20%20%20%20%22Yes%22%2C%20%22No%22%29%3B%0A%20%20%20%20%20%20if%20%28%21online%29%20return%3B%0A%20%20%20%20%20%20BrowserOffline.toggleOfflineStatus%28%29%3B%20//%20switch%20to%20online%0A%20%20%20%20%7D%0A%0A%20%20%20%20var%20url%20%3D%20this.updateURL%20+%20%22%3F%22%20+%20Date.now%28%29%3B%0A%20%20%20%20var%20req%20%3D%20new%20XMLHttpRequest%28%29%3B%0A%20%20%20%20req.open%28%22GET%22%2C%20url%2C%20true%29%3B%0A%20%20%20%20if%20%28self.hasAttribute%28%22busy%22%29%29%20%7B%0A%20%20%20%20%20%20this.resetAttributes%28%29%3B%0A%20%20%20%20%20%20return%0A%20%20%20%20%7D%0A%20%20%20%20var%20updater%20%3D%20this%3B%0A%20%20%20%20req.onreadystatechange%20%3D%20function%20%28aEvent%29%20%7B%0A%20%20%20%20%20%20self.onclick%20%3D%20function%28aEvent%29%20%7B%0A%20%20%20%20%20%20%20%20aEvent.preventDefault%28%29%3B%0A%20%20%20%20%20%20%20%20req.abort%28%29%3B%0A%20%20%20%20%20%20%20%20self.updater.resetAttributes%28%29%3B%0A%20%20%20%20%20%20%7D%0A%20%20%20%20%20%20self.image%20%3D%20updater.bsyIcon%3B%0A%20%20%20%20%20%20self.setAttribute%28%22busy%22%2C%20%22%22%29%3B%0A%20%20%20%20%20%20self.removeAttribute%28%22type%22%29%3B%0A%20%20%20%20%20%20self.tooltipText%20%3D%20%22Checking%20for%20update...%5CnClick%20to%20abort.%22%3B%0A%20%20%20%20%20%20if%20%28req.readyState%20%3D%3D%204%20%26%26%20req.status%20%3D%3D%20200%29%20%7B%0A%20%20%20%20%20%20%20%20updater.resetAttributes%28%29%3B%0A%20%20%20%20%20%20%20%20aCallback%28req.responseXML%29%3B%0A%20%20%20%20%20%20%7D%0A%20%20%20%20%7D%0A%20%20%20%20req.send%28null%29%3B%0A%20%20%7D%2C%0A%0A%20%20//%20Get%20update%20from%20XML%0A%20%20getUpdate%3A%20function%20updater_getUpdate%28aDocument%29%20%7B%0A%20%20%20%20if%20%28aDocument.documentElement.localName%20%21%3D%20%22custombutton%22%29%20%7B%0A%20%20%20%20%20%20custombuttons.alertBox%28self.name%2C%0A%20%20%20%20%20%20%20%20%20%20%20%20%20%20%20%20%20%20%20%20%20%20%20%20%20%20%20%20%20%22Not%20a%20valid%20Custom%20Buttons%20XML%20file%21%22%29%3B%0A%20%20%20%20%20%20return%3B%0A%20%20%20%20%7D%0A%0A%20%20%20%20//inspectDOMDocument%28aDocument%29%3B%20return%3B%0A%20%20%20%20let%20icon%20%3D%20self.updater.btnImage%20%3F%20self.updater.btnImage%0A%20%20%20%20%20%20%20%20%20%20%20%20%20%20%20%20%20%20%20%20%20%20%20%20%20%20%20%20%20%20%20%20%20%20%20%20%20%3A%20self.updater.stdIcon%3B%0A%20%20%20%20let%20button%20%3D%20aDocument.getElementById%28%22button%22%29%3B%0A%20%20%20%20let%20link%20%3D%20button.getElementsByTagNameNS%28xhtmlns%2C%20%22a%22%29%5B0%5D%3B%0A%20%20%20%20if%20%28link.href%20%3D%3D%20self.URI%29%20%7B%0A%20%20%20%20%20%20let%20as%20%3D%20Cc%5B%27@mozilla.org/alerts-service%3B1%27%5D.%0A%20%20%20%20%20%20%20%20%20%20%20%20%20%20%20getService%28Ci.nsIAlertsService%29%3B%0A%20%20%20%20%20%20as.showAlertNotification%28icon%2C%20%22No%20update%20found%21%22%2C%0A%20%20%20%20%20%20%20%20%20%20%20%20%20%20%20%20%20%20%20%20%20%20%20%20%20%20%20%20%20%20%20%22Finish%20checking%22%2C%20false%2C%20%22%22%2C%20null%29%3B%0A%20%20%20%20%20%20return%3B%0A%20%20%20%20%7D%20%0A%0A%20%20%20%20var%20install%20%3D%20custombuttons.confirmBox%28self.name%2C%20%22Update%20found%21%20%22%20+%0A%20%20%20%20%20%20%20%20%20%20%20%20%20%20%20%20%20%20%20%20%20%20%20%20%20%20%20%20%20%20%20%20%20%20%20%20%20%20%20%20%20%20%20%22Update%20this%20button%3F%22%2C%0A%20%20%20%20%20%20%20%20%20%20%20%20%20%20%20%20%20%20%20%20%20%20%20%20%20%20%20%20%20%20%20%20%20%20%20%20%20%20%20%20%20%20%20%22Yes%22%2C%20%22No%22%29%3B%0A%20%20%20%20if%20%28%21install%29%20return%3B%0A%20%20%20%20let%20btnLink%20%3D%20custombuttons.makeButtonLink%28%22update%22%2C%20self.id%29%3B%0A%20%20%20%20let%20params%20%3D%20self.updater.getButtonParameters%28btnLink%2C%20link.href%29%3B%0A%20%20%20%20//inspectObject%28params%29%3B%20return%3B%0A%20%20%20%20custombuttons.cbService.installButton%28params%29%3B%0A%20%20%20%20custombuttons.alertBox%28self.name%2C%20%22Button%20updated%21%22%29%3B%0A%20%20%20%20self.setAttribute%28%22cb-edit-state%22%2C%20%22active%22%29%3B%0A%20%20%7D%2C%0A%0A%20%20init%3A%20function%20updater_onLoad%28%29%20%7B%0A%0A%20%20%20%20var%20icon%20%3D%20this.btnImage%20%3F%20this.btnImage%20%3A%20this.stdIcon%3B%0A%0A%20%20%20%20function%20%24%28aId%29%20%7B%0A%20%20%20%20%20%20return%20document.getElementById%28aId%29%3B%0A%20%20%20%20%7D%0A%0A%20%20%20%20function%20addMenuItem%28aNewIDs%2C%20aNodeIDs%2C%20aSeparator%29%20%7B%0A%20%20%20%20%20%20//%20Remove%20previously%20created%20menuitems%20if%20any%0A%20%20%20%20%20%20if%20%28%24%28aNewIDs%29%29%20%7B%0A%20%20%20%20%20%20%20%20if%20%28aSeparator%20%26%26%0A%20%20%20%20%20%20%20%20%20%20%20%20%28%24%28aNewIDs%29.nextSibling.localName%20%3D%3D%20%22menuseparator%22%29%29%20%7B%0A%20%20%20%20%20%20%20%20%20%20%24%28aNewIDs%29.parentNode.removeChild%28%24%28aNewIDs%29.nextSibling%29%3B%0A%20%20%20%20%20%20%20%20%7D%0A%20%20%20%20%20%20%20%20%24%28aNewIDs%29.parentNode.removeChild%28%24%28aNewIDs%29%29%3B%0A%20%20%20%20%20%20%7D%0A%0A%20%20%20%20%20%20var%20mi%20%3D%20%24xml%28%27%3Cmenuitem%20xmlns%3D%22%27%20+%20xulns%20+%20%27%22%20id%3D%22%27%20+%20aNewIDs%20+%20%27%22%27%20+%0A%20%20%20%20%20%20%20%20%20%20%20%20%20%20%20%20%20%20%20%20%27%20class%3D%22menuitem-iconic%22%20image%3D%22%27%20+%20icon%20+%20%27%22%27%20+%0A%20%20%20%20%20%20%20%20%20%20%20%20%20%20%20%20%20%20%20%20%27%20label%3D%22Check%20for%20updates%20for%20this%20button%22%27%20+%0A%20%20%20%20%20%20%20%20%20%20%20%20%20%20%20%20%20%20%20%20%27%20onclick%3D%22if%20%28event.button%20%3D%3D%201%29%20%7B%27%20+%0A%20%20%20%20%20%20%20%20%20%20%20%20%20%20%20%20%20%20%20%20%27%20var%20btn%20%3D%20document.getElementById%28%5C%27%27%20+%20self.id%20+%20%27%5C%27%29%3B%27%20+%0A%20%20%20%20%20%20%20%20%20%20%20%20%20%20%20%20%20%20%20%20%27%20btn.updater.openUpdateURL%28%29%3B%20%7D%22%27%20+%0A%20%20%20%20%20%20%20%20%20%20%20%20%20%20%20%20%20%20%20%20%27%20oncommand%3D%22var%20btn%20%3D%20document.getElementById%28%5C%27%27%20+%20self.id%20+%0A%20%20%20%20%20%20%20%20%20%20%20%20%20%20%20%20%20%20%20%20%27%5C%27%29%3B%20btn.updater.checkForUpdate%28btn.updater.getUpdate%29%3B%22%27%20+%0A%20%20%20%20%20%20%20%20%20%20%20%20%20%20%20%20%20%20%20%20%27%20observes%3D%22custombuttons-contextbroadcaster-primary%22/%3E%27%29%3B%0A%20%20%20%20%20%20%24%28aNodeIDs%29.parentNode.insertBefore%28mi%2C%20%24%28aNodeIDs%29.nextSibling%29%3B%0A%20%20%20%20%20%20if%20%28aSeparator%29%20%7B%0A%20%20%20%20%20%20%20%20var%20sep%20%3D%20%24xml%28%27%3Cmenuseparator%20xmlns%3D%22%27%20+%20xulns%20+%20%27%22%20id%3D%22%27%20+%20mi.id%20+%0A%20%20%20%20%20%20%20%20%20%20%20%20%20%20%20%20%20%20%20%20%20%20%20%27-separator%22/%3E%27%29%3B%0A%20%20%20%20%20%20%20%20mi.parentNode.insertBefore%28sep%2C%20mi.nextSibling%29%3B%0A%20%20%20%20%20%20%7D%0A%20%20%20%20%7D%0A%0A%20%20%20%20function%20initUpdaterCbPopup%28aEvent%29%20%7B%0A%20%20%20%20%20%20var%20popupNode%20%3D%20%22triggerNode%22%20in%20aEvent.target%0A%20%20%20%20%20%20%20%20%20%20%20%20%20%20%20%20%20%20%20%20%20%20%20%20%3F%20aEvent.target.triggerNode%20%3A%20document.popupNode%3B%0A%20%20%20%20%20%20%24%28kIDs%29.hidden%20%3D%20%28popupNode%20%21%3D%20self%29%3B%0A%20%20%20%20%20%20%28%24%28kIDs%29.nextSibling.id%20%3D%3D%20%24%28kIDs%29.id%20+%20%22-separator%22%29%20%26%26%0A%20%20%20%20%20%20%28%24%28kIDs%29.nextSibling.hidden%20%3D%20%28popupNode%20%21%3D%20self%29%29%3B%0A%20%20%20%20%7D%0A%0A%20%20%20%20var%20kIDs%20%3D%20self.id%20+%20%22-checkForUpdate%22%3B%0A%20%20%20%20var%20uIDs%20%3D%20%22custombuttons-contextpopup-updateButton%22%3B%0A%0A%20%20%20%20//%20Add%20%27Check%20for%20Update...%27%20menuitem%20to%20CB%20contextmenu%0A%20%20%20%20addMenuItem%28kIDs%2C%20uIDs%2C%20true%29%3B%0A%0A%20%20%20%20%24%28uIDs%29.parentNode.addEventListener%28%22popupshowing%22%2C%0A%20%20%20%20%20%20%20%20%20%20%20%20%20%20%20%20%20%20%20%20%20%20%20%20%20%20%20%20%20%20%20%20%20%20%20%20%20%20%20%20%20%20%20initUpdaterCbPopup%2C%20false%29%3B%0A%20%20%20%20%24%28uIDs%29.parentNode.removeEventListener%28%22popuphiding%22%2C%0A%20%20%20%20%20%20%20%20%20%20%20%20%20%20%20%20%20%20%20%20%20%20%20%20%20%20%20%20%20%20%20%20%20%20%20%20%20%20%20%20%20%20%20%20%20%20initUpdaterCbPopup%2C%20false%29%3B%0A%0A%20%20%20%20self.onDestroy%20%3D%20function%28aReason%29%20%7B%0A%20%20%20%20%20%20if%20%28aReason%20%21%3D%20%22delete%22%29%20return%3B%0A%20%20%20%20%20%20%24%28uIDs%29.parentNode.removeEventListener%28%22popupshowing%22%2C%0A%20%20%20%20%20%20%20%20%20%20%20%20%20%20%20%20%20%20%20%20%20%20%20%20%20%20%20%20%20%20%20%20%20%20%20%20%20%20%20%20%20%20%20%20%20initUpdaterCbPopup%2C%20false%29%3B%0A%20%20%20%20%20%20%24%28kIDs%29.parentNode.removeChild%28%24%28kIDs%20+%20%22-separator%22%29%29%3B%0A%20%20%20%20%20%20%24%28kIDs%29.parentNode.removeChild%28%24%28kIDs%29%29%3B%0A%20%20%20%20%7D%0A%20%20%7D%0A%7D%0A%0Athis.updater.init%28%29%3B%0A%0A////////////////////////////%20End%20Button%20updater%20////////////////////////////%0A////////////////////////////////////////////////////////////////////////////%0A%5D%5D%3E%3C/initcode%3E%0A%20%20%3Ccode%3E%3C%21%5BCDATA%5B/*%20*****%20BEGIN%20LICENSE%20BLOCK%20*****%0A%20*%20Version%3A%20MPL%201.1/GPL%202.0%0A%20*%0A%20*%20The%20contents%20of%20this%20file%20are%20subject%20to%20the%20Mozilla%20Public%20License%0A%20*%20Version%201.1%20%28the%20%22License%22%29%3B%20you%20may%20not%20use%20this%20file%20except%20in%0A%20*%20compliance%20with%20the%20License.%20You%20may%20obtain%20a%20copy%20of%20the%20License%20at%0A%20*%20http%3A//www.mozilla.org/MPL/1.1/%0A%20*%0A%20*%20Software%20distributed%20under%20the%20License%20is%20distributed%20on%20an%20%22AS%20IS%22%20basis%2C%0A%20*%20WITHOUT%20WARRANTY%20OF%20ANY%20KIND%2C%20either%20express%20or%20implied.%20See%20the%20License%0A%20*%20for%20the%20specific%20language%20governing%20rights%20and%20limitations%20under%20the%0A%20*%20License.%0A%20*%0A%20*%20Original%20code%20is%20Cut%20%26%20Paste%20Button%20for%20Custom%20Buttons%20extension%0A%20*%0A%20*%20The%20Initial%20Developer%20of%20the%20Original%20Code%20is%20LouCypher.%0A%20*%20Portions%20created%20by%20the%20Initial%20Developer%20are%20Copyright%20%28C%29%202012%0A%20*%20the%20Initial%20Developer.%20All%20Rights%20Reserved.%0A%20*%0A%20*%20Contributor%28s%29%3A%0A%20*%20-%20LouCypher%3A%20original%20code%0A%20*%0A%20*%20Alternatively%2C%20the%20contents%20of%20this%20file%20may%20be%20used%20under%20the%20terms%20of%0A%20*%20the%20GNU%20General%20Public%20License%20Version%202%20or%20later%20%28the%20%22GPL%22%29%2C%20in%20which%0A%20*%20case%20the%20provisions%20of%20the%20GPL%20are%20applicable%20instead%20of%20those%20above.%0A%20*%0A%20*%20*****%20END%20LICENSE%20BLOCK%20*****%20*/%0A%0Acustombuttons.confirmBox%28null%2C%20%22Are%20you%20sure%20you%20want%20to%20format%20drive%20C%3A%3F%22%2C%20%22Yes%22%2C%20%22Yes%22%29%3B%5D%5D%3E%3C/code%3E%0A%20%20%3Caccelkey%3E%3C%21%5BCDATA%5B%5D%5D%3E%3C/accelkey%3E%0A%20%20%3Chelp%3E%3C%21%5BCDATA%5BHelp%2C%20I%20need%20somebody%2C%0AHelp%2C%20not%20just%20anybody%2C%0AHelp%2C%20you%20know%20I%20need%20someone%2C%0AHelp%21%0A%0AWhen%20I%20was%20younger%2C%20so%20much%20younger%20than%20today%2C%0AI%20never%20needed%20anybody%27s%20help%20in%20anyway.%0ABut%20now%20these%20days%20are%20gone%2C%20I%27m%20not%20so%20self%20assured%2C%0ANow%20I%20find%20I%27ve%20changed%20my%20mind%2C%20I%27ve%20opened%20up%20the%20doors.%0A%0AHelp%20me%20if%20you%20can%2C%20I%27m%20feeling%20down%0AAnd%20I%20do%20appreciate%20you%20being%20%27round.%0AHelp%20me%20get%20my%20feet%20back%20on%20the%20ground%2C%0AWon%27t%20you%20please%2C%20please%20help%20me%3F%0A%0AAnd%20now%20my%20life%20has%20changed%20in%20oh%20so%20many%20ways%2C%0AMy%20independence%20seems%20to%20vanish%20in%20the%20haze.%0ABut%20every%20now%20and%20then%20I%20feel%20so%20insecure%2C%0AI%20know%20that%20I%20just%20need%20you%20like%2C%20I%27ve%20never%20done%20before.%0A%0AHelp%20me%20if%20you%20can%2C%20I%27m%20feeling%20down%0AAnd%20I%20do%20appreciate%20you%20being%20%27round.%0AHelp%20me%20get%20my%20feet%20back%20on%20the%20ground%2C%0AWon%27t%20you%20please%2C%20please%20help%20me%3F%0A%0AWhen%20I%20was%20younger%2C%20so%20much%20younger%20than%20today%2C%0AI%20never%20needed%20anybody%27s%20help%20in%20anyway.%0ABut%20now%20these%20days%20are%20gone%2C%20I%27m%20not%20so%20self%20assured%2C%0ANow%20I%20find%20I%27ve%20changed%20my%20mind%2C%20I%27ve%20opened%20up%20the%20doors.%0A%0AHelp%20me%20if%20you%20can%2C%20I%27m%20feeling%20down%0AAnd%20I%20do%20appreciate%20you%20being%20%27round.%0AHelp%20me%20get%20my%20feet%20back%20on%20the%20ground%2C%0AWon%27t%20you%20please%2C%20please%20help%20me%3F%0AHelp%20me%2C%0AHelp%20me%2C%0AOoooooo.%5D%5D%3E%3C/help%3E%0A%20%20%3Cattributes/%3E%0A%3C/custombutton%3E" rel="nofollow" title="Install Cut &amp;amp; Paste Button">
        <![CDATA[Install this button]]>
        </html:a>
      </html:div>
      <html:a href="https://addons.mozilla.org/addon/custom-buttons/?src=external-custombuttons-xml">
        <![CDATA[What's this?]]>
      </html:a>
      <html:div id="credits">
        <html:a href="http://custombuttons.sourceforge.net/forum/viewtopic.php?t=78#p197">
          <![CDATA[Custom Buttons XML]]><html:br/><![CDATA[Exporter/Importer]]>
        </html:a>
      </html:div>
    </html:div>
  </html:body>
  <name>Cut &amp; Paste Button</name>
  <image><![CDATA[custombuttons-stdicon-2]]></image>
  <mode>0</mode>
  <initcode><![CDATA[function $xml(aXML) {
  return (new DOMParser).parseFromString(aXML, "application/xml")
                        .documentElement;
}

const CB = custombuttons;
const CBS = CB.cbService;
const sCBCtxtMenu = CB2const.sCBCtxtMenu;

var cbCtxtMenu = $(sCBCtxtMenu);

this.clipboard = "";

var items = [
  { id: sCBCtxtMenu + "-cut",
    label: "Cut",
    command: "c",
    icon: "data:image/png;base64,\
iVBORw0KGgoAAAANSUhEUgAAABAAAAAQCAYAAAAf8/9hAAAABmJLR0QAAAAAAAD5Q7t/AAAACXBI\
WXMAAAsTAAALEwEAmpwYAAAAB3RJTUUH1QocFh0xaEFkXgAAArRJREFUOMuFk11Ik1EYx59z3nev\
r9vUfaXbbPgVaHjRVRB0YZRJV0XeZCIRaGmWWKhpgZAElaV9gYgQlBjoEPRKkCS6DAK1MG0zNvJj\
7zZ1m+51X+92zttNzmFa5+78/w8//s/znIMg5TzrfXIOAN7zPO9tunm7dI/Xz7LspTvNrbpUHade\
GIYZu9XYrI1Go8t9/a87Uz0Fq7hw5nS55sWrnk8HAggh/E+HHdfV1lcQQo7t6E97HpeZc82m7ZCI\
KKUnDgRgjENLS7+AT0tDsVisdCcFy7JThYWF4HF7KKXU8a8EFTabDVZdK6iutr44kUic6nnePVBS\
UqJAgMHhdAAAWA8E3G299xljvLy4aAc+jUeSJB3X6/TXZAqwvrFGAWCiraXj4YEAAABKaeXCjwV5\
bc0DjTeaVPFEHIliEObm5iQA6Npb/xegraVjGmM8ZF+00WBwC2s0GhDcgizL8ru2lo7p/wL+pJia\
nZnGTqcD0jkeMt8ORhBCb/arRXuFMaOxl1B6Pb65qSblZTIz+REVGHNAIHQLITRQ6fG07wsYM5k6\
437/g6MmEyQoRd6tTdkX3h5mZVRVkJ3D8BxHJVkG5/o6KLKyrla63UPJFsbN5hrJ5+sqNhrpwsrK\
VDASlgJBEdfEaU2UIzqWwTQQEhOO1dUPR/R6EvP5BsfN5t2XOmowCPNFRWSEYe4DAMxYLCGrUpnY\
8UcYhnzJNQcBAIYxbv+Wn09GDQZhd4ixmF6SJFJFyKMJleqlgmV5hLE9OWmOm1Hz6arJjIy+y5R2\
gyxTIMSwC+A4Qa1UMl/z8mImna5pXhC8iszMK8mPpNU2fHe5Ng4fOtQwa7HECKUYMA4AADAAANVa\
rc/l95/0SxIbAJA5tfrsRUFI7twqiu7q7GyPNxDI8YfDGl8k4lOoVOetouj+DaDzOgfcNME8AAAA\
AElFTkSuQmCC" },
  { id: sCBCtxtMenu + "-paste",
    label: "Paste",
    command: "p",
    icon: "chrome://custombuttons/skin/paste1.png" }
];

for (var i = 0; i < items.length; i++) {
  $(items[i].id) && cbCtxtMenu.removeChild($(items[i].id));
  let m = menuitem(items[i].id,
                   items[i].label + " Button",
                   items[i].command == "c" ? "cut();" : "paste();",
                   items[i].icon);
  switch (items[i].command) {
    case "c":   m.cut =   cut.bind(); break;
    case "p": m.paste = paste.bind();
  }
}

cbCtxtMenu.addEventListener("popupshowing", popupShowing, false);
cbCtxtMenu.removeEventListener("popuphiding", popupShowing, false);

function $(aId) {
  return document.getElementById(aId);
}

function menuitem(aId, aLabel, aCommand, aIcon) {
  var x = '<menuitem xmlns="' + xulns + '" id="' + aId + '"' +
          ' label="' + aLabel + '"' +
          ' class="menuitem-iconic" image="' + aIcon + '"' +
          ' oncommand="' + aCommand + '"/>';
  var s = $(sCBCtxtMenu + CB2const.sCBCtxtMenuSep2);
  return cbCtxtMenu.insertBefore($xml(x), s);
}

function popupShowing(aEvent) {
  //LOG(aEvent.target.id);
  var button = "triggerNode" in aEvent.target ? aEvent.target.triggerNode
                                              : document.popupNode;
  var copied = /^custombutton:\/\//.test(self.clipboard);
  $(items[0].id).hidden = copied || button == self;
  $(items[1].id).hidden = !copied;
}

function convertURItoDOM(aURL) {
  var string = unescape(aURL.replace(/^custombutton\:\/\//, "").toString());
  var dom = (new DOMParser()).parseFromString(string, "text/xml");
  if (dom.documentElement.nodeName == "parsererror") {
    return null;
  } else {
    return dom.documentElement;
  }
}

function getParamValue(aDocument, aNodeName) {
  var result = "";
    var node = aDocument.getElementsByTagName(aNodeName)[0];
    if (!node) return result;
    if (!node.firstChild || (node.firstChild &&
        (node.firstChild.nodeType == node.TEXT_NODE))) {
      result = node. textContent;
    } else {  // CDATA
      result = node.firstChild.textContent;
    }
  return result;
}

function getButtonParameters(aButtonLink, aURL) {
  var dom = convertURItoDOM(aURL);
  var params = CBS.getButtonParameters(aButtonLink).wrappedJSObject;
  params.name             = getParamValue(dom, "name")
  params.image            = getParamValue(dom, "image") ||
                            getParamValue(dom, "stdicon");
  params.code             = getParamValue(dom, "code")
  params.initCode         = getParamValue(dom, "initcode")
  params.help             = getParamValue(dom, "help")
  params.accelkey         = getParamValue(dom, "accelkey")
  params.mode             = getParamValue(dom, "mode")
  params.wrappedJSObject  = params;
  return params;
}

function cut(aButton) {
  if (!aButton) {
    aButton = "triggerNode" in cbCtxtMenu ? cbCtxtMenu.triggerNode
                                          : document.popupNode;
  }
  self.clipboard = aButton.URI;
  var toolbarID = aButton.parentNode.id;
  var buttonID = aButton.id;
  var buttonsToRemove = document.getElementsByAttribute("id", buttonID);
  var removeFromOverlay = buttonsToRemove.length == 1;
  CBS.removeButton(aButton, removeFromOverlay);
  CB.persistCurrentSets(toolbarID, buttonID, null);
}

function paste(aButton) {
  if (!aButton) {
    aButton = "triggerNode" in cbCtxtMenu ? cbCtxtMenu.triggerNode
                                          : document.popupNode;
  }
  CB.cloneButton(aButton, true);
  var newButton = CB.makeButtonLink("update", aButton.nextSibling.id);
  var url = self.clipboard;
  var params = getButtonParameters(newButton, url);
  //inspectObject(params);
  CBS.installButton(params);
  self.clipboard = "";
}

this.onDestroy = function(aReason) {
  cbCtxtMenu.removeEventListener("popupshowing", popupShowing, false);
  for (var i = 0; i < items.length; i++) {
    $(items[i].id) && cbCtxtMenu.removeChild($(items[i].id));
  }
}

////////////////////////////////////////////////////////////////////////////
/////////////////////////// Start Button updater ///////////////////////////

/* ***** BEGIN LICENSE BLOCK *****
 * Version: MPL 1.1/GPL 2.0
 *
 * The contents of this file are subject to the Mozilla Public License
 * Version 1.1 (the "License"); you may not use this file except in
 * compliance with the License. You may obtain a copy of the License at
 * http://www.mozilla.org/MPL/1.1/
 *
 * Software distributed under the License is distributed on an "AS IS" basis,
 * WITHOUT WARRANTY OF ANY KIND, either express or implied. See the License
 * for the specific language governing rights and limitations under the
 * License.
 *
 * Original code is Button Updater for Custom Buttons extension
 *
 * The Initial Developer of the Original Code is LouCypher.
 * Portions created by the Initial Developer are Copyright (C) 2011
 * the Initial Developer. All Rights Reserved.
 *
 * Contributor(s):
 * - LouCypher: original code
 *
 * Alternatively, the contents of this file may be used under the terms of
 * the GNU General Public License Version 2 or later (the "GPL"), in which
 * case the provisions of the GPL are applicable instead of those above.
 *
 * ***** END LICENSE BLOCK ***** */

this.updater = {
  btnClick: self.onclick,
  btnType: self.type,
  btnImage: self.image,
  btnTooltip: self.tooltipText,

  baseURL: "https://loucypher.googlecode.com/svn/custombuttons/xml/",

  get updateURL() {
    return this.baseURL + encodeURIComponent(self.name.replace(/(\/|:)/g, "-"))
                        + ".xml";
  },

  openUpdateURL: function updater_openUpdateURL() {
    switchToTabHavingURI(this.updateURL);
  },

  get stdIcon() {
    var stdIcon = parseInt(self.cbStdIcon.match(/\d/));
    switch (stdIcon) {
       case 4: return "chrome://custombuttons/skin/stdicons/bbutton.png";
       case 3: return "chrome://custombuttons/skin/stdicons/gbutton.png";
       case 2: return "chrome://custombuttons/skin/stdicons/rbutton.png";
      default: return "chrome://custombuttons/skin/button.png";
    }
  },

  get bsyIcon() {
    switch (Application.id) {
      case "{ec8030f7-c20a-464f-9b0e-13a3a9e97384}":
        if (Application.version >= "4") {
          return "chrome://browser/skin/tabbrowser/connecting.png";
        } else {
          return "chrome://global/skin/icons/loading_16.png";
        }
      case "{92650c4d-4b8e-4d2a-b7eb-24ecf4f6b63a}":
        return "chrome://communicator/skin/icons/loading.gif";
      default:
        return "chrome://custombuttons/skin/button.png";
    }
  },

  // Check if the URI is Custom Button URI (custombutton://...)
  isValidCbURI: function updater_isValidCbURI(aURL) {
    if (!aURL) return false;
    return /^custombutton\:\/\//.test(aURL);
  },

  // Convert 'custombutton:' URI to DOM
  convertURItoDOM: function updater_convertURItoDOM(aURL) {
    if (!this.isValidCbURI(aURL)) {
      custombuttons.alertBox(self.name, "Not a Custom Buttons link!");
      return;
    }
    var string = unescape(aURL.replace(/^custombutton\:\/\//, "").toString());
    var parser = new DOMParser();
    var dom = parser.parseFromString(string, "text/xml");
    if (dom.documentElement.nodeName == "parsererror") {
      return null;
    } else {
      return dom.documentElement;
    }
  },

  // Get value from XML element
  getParamValue: function updater_getParamValue(aDocument, aNodeName) {
    var node = aDocument.querySelector(aNodeName);
    if (!node) return "";
    if (!node.firstChild || (node.firstChild &&
        (node.firstChild.nodeType == node.TEXT_NODE))) {
      return node.textContent;
    } else {
      return node.firstChild.textContent;
    }
  },

  // Set button parameters from XML alement
  getButtonParameters: function updater_getButtonParameters(aButtonLink, aURL) {
    var dom = this.convertURItoDOM(aURL);
    var params = custombuttons.cbService.getButtonParameters(aButtonLink)
                                        .wrappedJSObject;
    params.name             = this.getParamValue(dom, "name")
    params.date             = this.getParamValue(dom, "date") || "";
    params.image            = this.getParamValue(dom, "image") ||
                              this.getParamValue(dom, "stdicon");
    params.code             = this.getParamValue(dom, "code")
    params.initCode         = this.getParamValue(dom, "initcode")
    params.help             = this.getParamValue(dom, "help")
    params.accelkey         = this.getParamValue(dom, "accelkey")
    params.mode             = this.getParamValue(dom, "mode")
    params.wrappedJSObject  = params;
    return params;
  },

  // Reset button attribute if user click the button during update
  resetAttributes: function updater_resetAttributes() {
    self.image = this.btnImage;
    self.tooltipText = self.name;
    self.removeAttribute("busy");
    self.onclick = this.btnClick;
    self.type = this.btnType;
    self.tooltipText = this.btnTooltip;
  },

  // Check button for update
  checkForUpdate: function updater_checkForUpdate(aCallback) {
    if (!navigator.onLine) {                // If browser is in offline mode
                                            // ask to switch to online
      var online = custombuttons.confirmBox(self.name,
                             "Firefox is currently in offline mode.\n"
                           + "Switch to online mode and try again?",
                             "Yes", "No");
      if (!online) return;
      BrowserOffline.toggleOfflineStatus(); // switch to online
    }

    var url = this.updateURL + "?" + Date.now();
    var req = new XMLHttpRequest();
    req.open("GET", url, true);
    if (self.hasAttribute("busy")) {
      this.resetAttributes();
      return
    }
    var updater = this;
    req.onreadystatechange = function (aEvent) {
      self.onclick = function(aEvent) {
        aEvent.preventDefault();
        req.abort();
        self.updater.resetAttributes();
      }
      self.image = updater.bsyIcon;
      self.setAttribute("busy", "");
      self.removeAttribute("type");
      self.tooltipText = "Checking for update...\nClick to abort.";
      if (req.readyState == 4 && req.status == 200) {
        updater.resetAttributes();
        aCallback(req.responseXML);
      }
    }
    req.send(null);
  },

  // Get update from XML
  getUpdate: function updater_getUpdate(aDocument) {
    if (aDocument.documentElement.localName != "custombutton") {
      custombuttons.alertBox(self.name,
                             "Not a valid Custom Buttons XML file!");
      return;
    }

    //inspectDOMDocument(aDocument); return;
    let icon = self.updater.btnImage ? self.updater.btnImage
                                     : self.updater.stdIcon;
    let button = aDocument.getElementById("button");
    let link = button.getElementsByTagNameNS(xhtmlns, "a")[0];
    if (link.href == self.URI) {
      let as = Cc['@mozilla.org/alerts-service;1'].
               getService(Ci.nsIAlertsService);
      as.showAlertNotification(icon, "No update found!",
                               "Finish checking", false, "", null);
      return;
    } 

    var install = custombuttons.confirmBox(self.name, "Update found! " +
                                           "Update this button?",
                                           "Yes", "No");
    if (!install) return;
    let btnLink = custombuttons.makeButtonLink("update", self.id);
    let params = self.updater.getButtonParameters(btnLink, link.href);
    //inspectObject(params); return;
    custombuttons.cbService.installButton(params);
    custombuttons.alertBox(self.name, "Button updated!");
    self.setAttribute("cb-edit-state", "active");
  },

  init: function updater_onLoad() {

    var icon = this.btnImage ? this.btnImage : this.stdIcon;

    function $(aId) {
      return document.getElementById(aId);
    }

    function addMenuItem(aNewIDs, aNodeIDs, aSeparator) {
      // Remove previously created menuitems if any
      if ($(aNewIDs)) {
        if (aSeparator &&
            ($(aNewIDs).nextSibling.localName == "menuseparator")) {
          $(aNewIDs).parentNode.removeChild($(aNewIDs).nextSibling);
        }
        $(aNewIDs).parentNode.removeChild($(aNewIDs));
      }

      var mi = $xml('<menuitem xmlns="' + xulns + '" id="' + aNewIDs + '"' +
                    ' class="menuitem-iconic" image="' + icon + '"' +
                    ' label="Check for updates for this button"' +
                    ' onclick="if (event.button == 1) {' +
                    ' var btn = document.getElementById(\'' + self.id + '\');' +
                    ' btn.updater.openUpdateURL(); }"' +
                    ' oncommand="var btn = document.getElementById(\'' + self.id +
                    '\'); btn.updater.checkForUpdate(btn.updater.getUpdate);"' +
                    ' observes="custombuttons-contextbroadcaster-primary"/>');
      $(aNodeIDs).parentNode.insertBefore(mi, $(aNodeIDs).nextSibling);
      if (aSeparator) {
        var sep = $xml('<menuseparator xmlns="' + xulns + '" id="' + mi.id +
                       '-separator"/>');
        mi.parentNode.insertBefore(sep, mi.nextSibling);
      }
    }

    function initUpdaterCbPopup(aEvent) {
      var popupNode = "triggerNode" in aEvent.target
                        ? aEvent.target.triggerNode : document.popupNode;
      $(kIDs).hidden = (popupNode != self);
      ($(kIDs).nextSibling.id == $(kIDs).id + "-separator") &&
      ($(kIDs).nextSibling.hidden = (popupNode != self));
    }

    var kIDs = self.id + "-checkForUpdate";
    var uIDs = "custombuttons-contextpopup-updateButton";

    // Add 'Check for Update...' menuitem to CB contextmenu
    addMenuItem(kIDs, uIDs, true);

    $(uIDs).parentNode.addEventListener("popupshowing",
                                           initUpdaterCbPopup, false);
    $(uIDs).parentNode.removeEventListener("popuphiding",
                                              initUpdaterCbPopup, false);

    self.onDestroy = function(aReason) {
      if (aReason != "delete") return;
      $(uIDs).parentNode.removeEventListener("popupshowing",
                                             initUpdaterCbPopup, false);
      $(kIDs).parentNode.removeChild($(kIDs + "-separator"));
      $(kIDs).parentNode.removeChild($(kIDs));
    }
  }
}

this.updater.init();

//////////////////////////// End Button updater ////////////////////////////
////////////////////////////////////////////////////////////////////////////
]]></initcode>
  <code><![CDATA[/* ***** BEGIN LICENSE BLOCK *****
 * Version: MPL 1.1/GPL 2.0
 *
 * The contents of this file are subject to the Mozilla Public License
 * Version 1.1 (the "License"); you may not use this file except in
 * compliance with the License. You may obtain a copy of the License at
 * http://www.mozilla.org/MPL/1.1/
 *
 * Software distributed under the License is distributed on an "AS IS" basis,
 * WITHOUT WARRANTY OF ANY KIND, either express or implied. See the License
 * for the specific language governing rights and limitations under the
 * License.
 *
 * Original code is Cut & Paste Button for Custom Buttons extension
 *
 * The Initial Developer of the Original Code is LouCypher.
 * Portions created by the Initial Developer are Copyright (C) 2012
 * the Initial Developer. All Rights Reserved.
 *
 * Contributor(s):
 * - LouCypher: original code
 *
 * Alternatively, the contents of this file may be used under the terms of
 * the GNU General Public License Version 2 or later (the "GPL"), in which
 * case the provisions of the GPL are applicable instead of those above.
 *
 * ***** END LICENSE BLOCK ***** */

custombuttons.confirmBox(null, "Are you sure you want to format drive C:?", "Yes", "Yes");]]></code>
  <accelkey><![CDATA[]]></accelkey>
  <help><![CDATA[Help, I need somebody,
Help, not just anybody,
Help, you know I need someone,
Help!

When I was younger, so much younger than today,
I never needed anybody's help in anyway.
But now these days are gone, I'm not so self assured,
Now I find I've changed my mind, I've opened up the doors.

Help me if you can, I'm feeling down
And I do appreciate you being 'round.
Help me get my feet back on the ground,
Won't you please, please help me?

And now my life has changed in oh so many ways,
My independence seems to vanish in the haze.
But every now and then I feel so insecure,
I know that I just need you like, I've never done before.

Help me if you can, I'm feeling down
And I do appreciate you being 'round.
Help me get my feet back on the ground,
Won't you please, please help me?

When I was younger, so much younger than today,
I never needed anybody's help in anyway.
But now these days are gone, I'm not so self assured,
Now I find I've changed my mind, I've opened up the doors.

Help me if you can, I'm feeling down
And I do appreciate you being 'round.
Help me get my feet back on the ground,
Won't you please, please help me?
Help me,
Help me,
Ooooooo.]]></help>
  <attributes/>
</custombutton>