<?xml version="1.0" encoding="UTF-8"?>
<custombutton xmlns:cb="http://xsms.nm.ru/custombuttons/"
              xmlns:html="http://www.w3.org/1999/xhtml">
  <html:head>
    <html:title><![CDATA[Google Site Search]]></html:title>
    <html:link rel="shortcut icon" href="moz-anno:favicon:http://www.google.com/favicon.ico"/>
    <html:style type="text/css"><![CDATA[body { font-size: medium; margin: 0; }
body, code:before, help:before, initcode:before {
  font-family: "Verdana", sans-serif;
}
#wrapper { position: fixed; top: 1em; right: 1em; text-align: center; }
p { font-size: small; text-align: center; }
#button {
  background-image: -moz-linear-gradient(center top, rgb(147, 200, 94) 30%, rgb(85, 168, 2) 55%);
  border: 1px outset rgb(58, 116, 4);
  border-radius: 1em;
  -moz-border-radius: 1em;
  padding: 0;
  text-shadow: 0pt -1px 0pt rgb(58, 116, 4);
  margin-bottom: 1em;
}
#button a {
  color: rgb(255, 255, 255);
  padding: 1em;
  text-decoration: none;
}
#button a, code, code:before, initcode, initcode:before, help, help:before {
  display: block;
}
#credits { position: fixed; bottom: 1em; right: 1em; font-size: small; }
custombutton { background-color: rgb(171, 171, 171); margin: 1em; }
date, image, mode, accelkey { display: none; }
name { font-weight: bold; font-size: x-large; }
code:before, help:before, initcode:before {
  font-weight: bold;
  font-size: large;
  margin: 0 0 1em;
  padding: .5em;
}
code:before { content: "CODE"; }
help:before { content: "Help"; }
initcode:before { content: "Initialization Code"; }
code, initcode, help {
  background-color: rgb(255, 255, 255);
  border: 1px inset rgb(170, 170, 170);
  font: medium monospace;
  margin: 1em 1em 2em 0;
  padding: 1em;
  text-align: left;
  width: 840px;
  white-space: pre-wrap;
  word-wrap: break-word;
}
.clear { clear: both; }
]]></html:style>
  </html:head>
  <html:body>
    <html:div id="wrapper">
      <html:div id="button">
        <html:a href="custombutton://%3C%3Fxml%20version%3D%221.0%22%20encoding%3D%22UTF-8%22%3F%3E%0D%0A%3Ccustombutton%20xmlns%3Acb%3D%22http%3A//xsms.nm.ru/custombuttons/%22%3E%0A%20%20%3Cname%3EGoogle%20Site%20Search%3C/name%3E%0A%20%20%3Cimage%3E%3C%21%5BCDATA%5Bmoz-anno%3Afavicon%3Ahttp%3A//www.google.com/favicon.ico%5D%5D%3E%3C/image%3E%0A%20%20%3Cmode%3E0%3C/mode%3E%0A%20%20%3Cinitcode%3E%3C%21%5BCDATA%5Bfunction%20getDomainList%28aHostname%2C%20aArray%29%20%7B%20//ripped%20from%20Stylish%0A%20%20aArray%5BaArray.length%5D%20%3D%20aHostname%3B%0A%20%20var%20firstDot%20%3D%20aHostname.indexOf%28%22.%22%29%3B%0A%20%20var%20lastDot%20%3D%20aHostname.lastIndexOf%28%22.%22%29%3B%0A%20%20if%20%28firstDot%20%21%3D%20lastDot%29%20%7B%0A%20%20%20%20if%20%28%21isNaN%28parseInt%28aHostname.substring%28lastDot%20+%201%2C%20aHostname.length%29%29%29%29%20%7B%0A%20%20%20%20%20%20return%3B%0A%20%20%20%20%7D%0A%20%20%20%20getDomainList%28aHostname.substring%28firstDot%20+%201%2C%20aHostname.length%29%2C%20aArray%29%3B%0A%20%20%7D%0A%7D%0A%0Afunction%20getSelectedText%28%29%20%7B%0A%20%20var%20focusedWindow%20%3D%20document.commandDispatcher.focusedWindow%3B%0A%20%20var%20winWrapper%20%3D%20new%20XPCNativeWrapper%28focusedWindow%2C%20%22document%22%2C%20%22getSelection%28%29%22%29%3B%0A%20%20var%20string%20%3D%20winWrapper.getSelection%28%29.toString%28%29%3B%0A%20%20if%28string.match%28/%5Cs/%29%29%20string%20%3D%20%22%5C%22%22%20+%20string%20+%20%22%5C%22%22%3B%20//optional%3A%20add%20quotation%20marks%0A%20%20return%20string%3B%0A%7D%0A%0Afunction%20getSearchBox%28%29%20%7B%0A%20%20var%20searchbar%20%3D%20document.getElementById%28%22flock_searchbar%22%29%20%7C%7C%0A%20%20%20%20%20%20%20%20%20%20%20%20%20%20%20%20%20%20document.getElementById%28%22searchbar%22%29%3B%0A%20%20if%28%21searchbar%29%20return%3B%0A%20%20var%20searchbox%20%3D%20searchbar.mTextbox%20%7C%7C%20searchbar._textbox%3B%0A%20%20var%20sEngine%20%3D%20searchbar._ss%0A%20%20%20%20%20%20%20%20%20%20%20%20%20%20%20%20%3F%20searchbar._ss.currentEngine.name%0A%20%20%20%20%20%20%20%20%20%20%20%20%20%20%20%20%3A%20searchbar.tooltipText.replace%28/%5ESearch%5Cs/%2C%20%22%22%29%3B%0A%20%20var%20sInput%20%3D%20searchbox.value.replace%28/%5CsSearch%24/%2C%20%22%22%29%20%7C%7C%20searchbox.value%3B%0A%20%20var%20sQuery%3B%0A%20%20if%28sEngine%20%3D%3D%20sInput%20%7C%7C%0A%20%20%20%20%28searchbox.firstChild%20%26%26%20searchbox.firstChild.src%20%3D%3D%20%22%22%29%20%7C%7C%0A%20%20%20%20%20searchbar.hasAttribute%28%22empty%22%29%29%20sQuery%20%3D%20%22%22%3B%0A%20%20else%20sQuery%20%3D%20searchbox.value%3B%0A%20%20return%20sQuery%3B%0A%7D%0A%0Afunction%20getInput%28%29%20%7B%0A%20%20var%20p%20%3D%20prompt%28%22Query%3A%22%2C%20%22%22%2C%20%22Google%20Site%20Search%22%29%3B%0A%20%20return%20p%3B%0A%7D%0A%0Athis.checkForMiddleClick%20%3D%20function%28aNode%2C%20aEvent%29%20%7B%0A%20%20if%28aEvent.button%20%3D%3D%201%29%20%7B%0A%20%20%20%20var%20fn%20%3D%20new%20Function%28%22event%22%2C%20%22this.GoogleSiteSearch%28event%29%22%29%3B%0A%20%20%20%20fn.call%28aNode%2C%20aEvent%29%3B%0A%20%20%7D%0A%7D%0A%0Athis.GoogleSiteSearch%20%3D%20function%28aEvent%29%20%7B%0A%20%20var%20scheme%20%3D%20content.location.protocol%3B%0A%20%20if%28%21scheme.match%28/ftp%7Chttps%3F/%29%29%20%7B%0A%20%20%20%20alert%28%22Cannot%20search%20from%20%22%20+%20scheme.toUpperCase%28%29%20+%20%22%20protocol%22%29%3B%0A%20%20%20%20return%3B%0A%20%20%7D%0A%0A%20%20var%20domain%20%3D%20%5B%5D%3B%0A%20%20var%20domains%20%3D%20%22%22%3B%0A%20%20getDomainList%28content.location.hostname%2C%20domain%29%3B%0A%20%20var%20site%20%3D%20domain%5B0%5D%3B%0A%20%20for%28var%20i%20%3D%200%3B%20i%20%3C%20domain.length%3B%20i++%29%20%7B%0A%20%20%20%20domains%20+%3D%20domain%5Bi%5D%3B%0A%20%20%20%20if%28i%20%21%3D%20domain.length%20-%201%29%20domains%20+%3D%20%22%3B%22%3B%0A%20%20%7D%0A%0A%20%20var%20query%20%3D%20getSelectedText%28%29%20%7C%7C%20getSearchBox%28%29%20%7C%7C%20getInput%28%29%3B%0A%20%20if%28query%29%20openUILink%28%0A%20%20%20%20%22http%3A//www.google.com/search%3Fq%3D%22%20+%20encodeURIComponent%28query%29%20+%0A%20%20%20%20%22%26sitesearch%3D%22%20+%20site%20+%20%22%26domains%3D%22%20+%20domains%20+%0A%20%20%20%20%22%26sourceid%3Dfirefox%22%2C%20aEvent%2C%20false%2C%20true%0A%20%20%29%3B%0A%7D%0A%0A/*----------------under%20development-------------------%0Athis.GoogleButtonObserver%20%3D%20%7B%0A%20%20onDrop%3A%20function%20%28aEvent%2C%20aXferData%2C%20aDragSession%29%20%7B%0A%20%20%7D%2C%0A%0A%20%20onDragOver%3A%20function%20%28aEvent%2C%20aFlavour%2C%20aDragSession%29%20%7B%0A%20%20%7D%2C%0A%0A%20%20onDragExit%3A%20function%20%28aEvent%2C%20aDragSession%29%20%7B%0A%20%20%7D%2C%0A%0A%20%20getSupportedFlavours%3A%20function%20%28%29%20%7B%0A%20%20%20%20var%20flavourSet%20%3D%20new%20FlavourSet%28%29%3B%0A%20%20%20%20flavourSet.appendFlavour%28%22text/unicode%22%29%3B%0A%20%20%20%20return%20flavourSet%3B%0A%20%20%7D%20%0A%7D%0A------------------------------------------------------*/%0A%0Athis.tooltipText%20%3D%20this.Help%3B%0Athis.setAttribute%28%22onclick%22%2C%20%22this.checkForMiddleClick%28this%2C%20event%29%22%29%3B%0Athis.setAttribute%28%22homepage%22%2C%0A%20%20%22http%3A//custombuttons.phpbbnow.com/viewtopic.php%3Ft%3D163%22%29%3B%0A%0A%0A//this.setAttribute%28%22accesskey%22%2C%20%22G%22%29%3B%0A%5D%5D%3E%3C/initcode%3E%0A%20%20%3Ccode%3E%3C%21%5BCDATA%5B/*%20-------------------------------------------------------------%0A%20%20%20%20%20Google%20Site%20Search%0A%20%20%20%20%20Search%20for%20keywords%20on%20the%20site%20you%20are%20viewing%2C%0A%20%20%20%20%20with%20search%20priority%20is%20as%20follow%3A%0A%0A%20%20%20%20%20%20%20*%20Selected%20text%0A%20%20%20%20%20%20%20*%20Searchbar%0A%20%20%20%20%20%20%20*%20Prompt%20for%20keywords%0A%0A%20%20%20%20%20Use%20middle%20click%20to%20open%20the%20search%20results%20in%20a%20new%20tab%0A%20%20%20-------------------------------------------------------------%20*/%0A%0Athis.GoogleSiteSearch%28event%29%3B%0A%5D%5D%3E%3C/code%3E%0A%20%20%3Caccelkey%3E%3C%21%5BCDATA%5B%5D%5D%3E%3C/accelkey%3E%0A%20%20%3Chelp%3E%3C%21%5BCDATA%5B%0AGoogle%20Site%20Search%0A%0ASearch%20for%20keywords%20on%20the%20site%20you%20are%20viewing%2C%0Awith%20search%20priority%20is%20as%20follow%3A%0A%0A%20*%20Selected%20text%0A%20*%20Searchbar%0A%20*%20Prompt%20for%20keywords%0A%0AUse%20middle%20click%20to%20open%20the%20search%20results%20in%20a%20new%20tab.%0A%0A%5D%5D%3E%3C/help%3E%0A%20%20%3Cattributes/%3E%0A%3C/custombutton%3E" rel="nofollow" title="Google Site Search">
        <![CDATA[Install this button]]>
        </html:a>
      </html:div>
      <html:a href="https://addons.mozilla.org/addon/custom-buttons/?src=custom-buttons-xml">
        <![CDATA[What's this?]]>
      </html:a>
      <html:div id="credits">
        <html:a href="http://custombuttons.sourceforge.net/forum/viewtopic.php?t=78#p197">
          <![CDATA[Custom Buttons XML]]><html:br/><![CDATA[Exporter/Importer]]>
        </html:a>
      </html:div>
    </html:div>
  </html:body>
  <date id="date" value="20120329"/>
  <name>Google Site Search</name>
  <image><![CDATA[moz-anno:favicon:http://www.google.com/favicon.ico]]></image>
  <mode>0</mode>
  <initcode><![CDATA[function getDomainList(aHostname, aArray) { //ripped from Stylish
  aArray[aArray.length] = aHostname;
  var firstDot = aHostname.indexOf(".");
  var lastDot = aHostname.lastIndexOf(".");
  if (firstDot != lastDot) {
    if (!isNaN(parseInt(aHostname.substring(lastDot + 1, aHostname.length)))) {
      return;
    }
    getDomainList(aHostname.substring(firstDot + 1, aHostname.length), aArray);
  }
}

function getSelectedText() {
  var focusedWindow = document.commandDispatcher.focusedWindow;
  var winWrapper = new XPCNativeWrapper(focusedWindow, "document", "getSelection()");
  var string = winWrapper.getSelection().toString();
  if(string.match(/\s/)) string = "\"" + string + "\""; //optional: add quotation marks
  return string;
}

function getSearchBox() {
  var searchbar = document.getElementById("flock_searchbar") ||
                  document.getElementById("searchbar");
  if(!searchbar) return;
  var searchbox = searchbar.mTextbox || searchbar._textbox;
  var sEngine = searchbar._ss
                ? searchbar._ss.currentEngine.name
                : searchbar.tooltipText.replace(/^Search\s/, "");
  var sInput = searchbox.value.replace(/\sSearch$/, "") || searchbox.value;
  var sQuery;
  if(sEngine == sInput ||
    (searchbox.firstChild && searchbox.firstChild.src == "") ||
     searchbar.hasAttribute("empty")) sQuery = "";
  else sQuery = searchbox.value;
  return sQuery;
}

function getInput() {
  var p = prompt("Query:", "", "Google Site Search");
  return p;
}

this.checkForMiddleClick = function(aNode, aEvent) {
  if(aEvent.button == 1) {
    var fn = new Function("event", "this.GoogleSiteSearch(event)");
    fn.call(aNode, aEvent);
  }
}

this.GoogleSiteSearch = function(aEvent) {
  var scheme = content.location.protocol;
  if(!scheme.match(/ftp|https?/)) {
    alert("Cannot search from " + scheme.toUpperCase() + " protocol");
    return;
  }

  var domain = [];
  var domains = "";
  getDomainList(content.location.hostname, domain);
  var site = domain[0];
  for(var i = 0; i < domain.length; i++) {
    domains += domain[i];
    if(i != domain.length - 1) domains += ";";
  }

  var query = getSelectedText() || getSearchBox() || getInput();
  if(query) openUILink(
    "http://www.google.com/search?q=" + encodeURIComponent(query) +
    "&sitesearch=" + site + "&domains=" + domains +
    "&sourceid=firefox", aEvent, false, true
  );
}

/*----------------under development-------------------
this.GoogleButtonObserver = {
  onDrop: function (aEvent, aXferData, aDragSession) {
  },

  onDragOver: function (aEvent, aFlavour, aDragSession) {
  },

  onDragExit: function (aEvent, aDragSession) {
  },

  getSupportedFlavours: function () {
    var flavourSet = new FlavourSet();
    flavourSet.appendFlavour("text/unicode");
    return flavourSet;
  } 
}
------------------------------------------------------*/

this.tooltipText = this.Help;
this.setAttribute("onclick", "this.checkForMiddleClick(this, event)");
this.setAttribute("homepage",
  "http://custombuttons.phpbbnow.com/viewtopic.php?t=163");


//this.setAttribute("accesskey", "G");
]]></initcode>
  <code><![CDATA[/* -------------------------------------------------------------
     Google Site Search
     Search for keywords on the site you are viewing,
     with search priority is as follow:

       * Selected text
       * Searchbar
       * Prompt for keywords

     Use middle click to open the search results in a new tab
   ------------------------------------------------------------- */

this.GoogleSiteSearch(event);
]]></code>
  <accelkey><![CDATA[]]></accelkey>
  <help><![CDATA[
Google Site Search

Search for keywords on the site you are viewing,
with search priority is as follow:

 * Selected text
 * Searchbar
 * Prompt for keywords

Use middle click to open the search results in a new tab.

]]></help>
  <attributes/>
</custombutton>