<?xml version="1.0" encoding="UTF-8"?>
<custombutton xmlns:cb="http://xsms.nm.ru/custombuttons/"
              xmlns:html="http://www.w3.org/1999/xhtml">
  <html:head>
    <html:title><![CDATA[List all windows]]></html:title>
    <html:link rel="shortcut icon" href=""/>
    <html:style type="text/css"><![CDATA[body { font-size: medium; margin: 0; }
body, code:before, help:before, initcode:before {
  font-family: "Verdana", sans-serif;
}
#wrapper { position: fixed; top: 1em; right: 1em; text-align: center; }
p { font-size: small; text-align: center; }
#button {
  background-image: -moz-linear-gradient(center top, rgb(147, 200, 94) 30%, rgb(85, 168, 2) 55%);
  border: 1px outset rgb(58, 116, 4);
  border-radius: 1em;
  -moz-border-radius: 1em;
  padding: 0;
  text-shadow: 0pt -1px 0pt rgb(58, 116, 4);
  margin-bottom: 1em;
}
#button a {
  color: rgb(255, 255, 255);
  padding: 1em;
  text-decoration: none;
}
#button a, code, code:before, initcode, initcode:before, help, help:before {
  display: block;
}
#credits { position: fixed; bottom: 1em; right: 1em; font-size: small; }
custombutton { background-color: rgb(171, 171, 171); margin: 1em; }
date, image, mode, accelkey { display: none; }
name { font-weight: bold; font-size: x-large; }
code:before, help:before, initcode:before {
  font-weight: bold;
  font-size: large;
  margin: 0 0 1em;
  padding: .5em;
}
code:before { content: "CODE"; }
help:before { content: "Help"; }
initcode:before { content: "Initialization Code"; }
code, initcode, help {
  background-color: rgb(255, 255, 255);
  border: 1px inset rgb(170, 170, 170);
  font: medium monospace;
  margin: 1em 1em 2em 0;
  padding: 1em;
  text-align: left;
  width: 840px;
  white-space: pre-wrap;
  word-wrap: break-word;
}
.clear { clear: both; }
]]></html:style>
  </html:head>
  <html:body>
    <html:div id="wrapper">
      <html:div id="button">
        <html:a href="custombutton://%3C%3Fxml%20version%3D%221.0%22%20encoding%3D%22UTF-8%22%3F%3E%0D%0A%3Ccustombutton%20xmlns%3Acb%3D%22http%3A//xsms.nm.ru/custombuttons/%22%3E%0A%20%20%3Cname%3EList%20all%20windows%3C/name%3E%0A%20%20%3Cimage%3E%3C%21%5BCDATA%5Bcustombuttons-stdicon-1%5D%5D%3E%3C/image%3E%0A%20%20%3Cmode%3E0%3C/mode%3E%0A%20%20%3Cinitcode%3E%3C%21%5BCDATA%5Bfunction%20getWindowEnumerator%28%29%20%7B%0A%20%20return%20Components.classes%5B%22@mozilla.org/embedcomp/window-watcher%3B1%22%5D%0A%20%20%20%20%20%20%20%20%20%20%20%20%20%20%20%20%20%20%20.getService%28Components.interfaces.nsIWindowWatcher%29%0A%20%20%20%20%20%20%20%20%20%20%20%20%20%20%20%20%20%20%20.getWindowEnumerator%28%29%3B%0A%7D%0A%0Athis.clearList%20%3D%20function%20clearList%28aEvent%29%20%7B%0A%20%20while%20%28aEvent.target.lastChild%29%20%7B%0A%20%20%20%20aEvent.target.removeChild%28aEvent.target.lastChild%29%3B%0A%20%20%7D%0A%7D%0A%0Athis.populate%20%3D%20function%20populate%28aNode%2C%20aIndex%2C%20aKey%2C%20aLabel%2C%20aTooltip%29%20%7B%0A%20%20var%20menuitem%20%3D%20%3Cmenuitem%20xmlns%3D%7Bxulns%7D%20class%3D%22menuitem-iconic%22%0A%20%20%20%20%20%20%20%20%20%20%20%20%20%20%20%20%20%20%20%20%20%20%20%20%20%20%20label%3D%7BaKey%20+%20%22%20%22%20+%20aLabel%7D%0A%20%20%20%20%20%20%20%20%20%20%20%20%20%20%20%20%20%20%20%20%20%20%20%20%20%20%20accesskey%3D%7BaKey%7D%20tooltiptext%3D%7BaTooltip%7D%0A%20%20%20%20%20%20%20%20%20%20%20%20%20%20%20%20%20%20%20%20%20%20%20%20%20%20%20value%3D%7BaIndex%7D/%3E%3B%0A%20%20aNode.appendChild%28cbu.makeXML%28menuitem%29%29%3B%0A%7D%0A%0Athis.popupShowing%20%3D%20function%20popupShowing%28aEvent%29%20%7B%0A%20%20this.clearList%28aEvent%29%3B%0A%20%20var%20index%20%3D%201%3B%0A%20%20var%20enumerator%20%3D%20getWindowEnumerator%28%29%3B%0A%20%20while%20%28enumerator.hasMoreElements%28%29%29%20%7B%0A%20%20%20%20var%20win%20%3D%20enumerator.getNext%28%29%3B%0A%20%20%20%20this.populate%28aEvent.target%2C%20index%2C%20index++%2C%0A%20%20%20%20%20%20%20%20%20%20%20%20%20%20%20%20%20%20win.document.title%2C%20win.location%29%3B%0A%20%20%20%20if%20%28win%20%3D%3D%20window%29%20aEvent.target.lastChild.setAttribute%28%22disabled%22%2C%20true%29%3B%0A%20%20%7D%0A%7D%0A%0Athis.selectWindow%20%3D%20function%20selectWindow%28aEvent%29%20%7B%0A%20%20var%20index%20%3D%201%3B%0A%20%20var%20enumerator%20%3D%20getWindowEnumerator%28%29%3B%0A%20%20while%20%28enumerator.hasMoreElements%28%29%29%20%7B%0A%20%20%20%20var%20win%20%3D%20enumerator.getNext%28%29%3B%0A%20%20%20%20if%20%28index++%20%3D%3D%20aEvent.target.value%29%20%7B%0A%20%20%20%20%20%20win.focus%28%29%3B%0A%20%20%20%20%20%20return%3B%0A%20%20%20%20%7D%0A%20%20%7D%0A%7D%0A%0Athis.closeWindow%20%3D%20function%20closeWindow%28aEvent%29%20%7B%0A%20%20if%20%28aEvent.button%20%3D%3D%201%29%20%7B%0A%20%20%20%20var%20index%20%3D%201%3B%0A%20%20%20%20var%20winIndex%20%3D%20parseInt%28aEvent.target.value%29%3B%0A%20%20%20%20var%20enumerator%20%3D%20getWindowEnumerator%28%29%3B%0A%20%20%20%20while%20%28enumerator.hasMoreElements%28%29%29%20%7B%0A%20%20%20%20%20%20var%20win%20%3D%20enumerator.getNext%28%29%3B%0A%20%20%20%20%20%20if%20%28index++%20%3D%3D%20winIndex%29%20win.close%28%29%3B%0A%20%20%20%20%7D%0A%20%20%20%20closeMenus%28aEvent.target%29%3B%0A%20%20%7D%0A%7D%0A%0Avar%20menu%20%3D%20%3Cmenupopup%20xmlns%3D%7Bxulns%7D%20context%3D%22toolbar-context-menu%22%0A%20%20%20%20%20%20%20%20%20%20%20%20%20%20%20%20%20%20%20%20%20%20oncommand%3D%22this.parentNode.selectWindow%28event%29%22%0A%20%20%20%20%20%20%20%20%20%20%20%20%20%20%20%20%20%20%20%20%20%20onclick%3D%22this.parentNode.closeWindow%28event%29%22%0A%20%20%20%20%20%20%20%20%20%20%20%20%20%20%20%20%20%20%20%20%20%20onpopupshowing%3D%22this.parentNode.popupShowing%28event%29%22%3E%0A%20%20%20%20%20%20%20%20%20%20%20%3C/menupopup%3E%3B%0A%0Athis.appendChild%28cbu.makeXML%28menu%29%29%3B%0Athis.type%20%3D%20%22menu-button%22%3B%0A%0A%5D%5D%3E%3C/initcode%3E%0A%20%20%3Ccode%3E%3C%21%5BCDATA%5Bvar%20index%20%3D%201%3B%0Avar%20enumerator%20%3D%20Components.classes%5B%22@mozilla.org/embedcomp/window-watcher%3B1%22%5D%0A%20%20%20%20%20%20%20%20%20%20%20%20%20%20%20%20%20%20%20%20%20%20%20%20%20%20%20.getService%28Components.interfaces.nsIWindowWatcher%29%0A%20%20%20%20%20%20%20%20%20%20%20%20%20%20%20%20%20%20%20%20%20%20%20%20%20%20%20.getWindowEnumerator%28%29%3B%0Awhile%20%28enumerator.hasMoreElements%28%29%29%20%7B%0A%20%20var%20win%20%3D%20enumerator.getNext%28%29%3B%0A%20%20if%20%28win%20%21%3D%20window%29%20%7B%0A%20%20%20%20win.close%28%29%3B%0A%20%20%7D%0A%20%20index++%3B%0A%7D%5D%5D%3E%3C/code%3E%0A%20%20%3Caccelkey%3E%3C%21%5BCDATA%5B%5D%5D%3E%3C/accelkey%3E%0A%20%20%3Chelp%3E%3C%21%5BCDATA%5BLeft-click%20on%20menuitem%20to%20focus%20the%20window%0A%0AMiddle-click%20on%20menuitem%20to%20close%20the%20window%0A%0ALeft-click%20on%20the%20button%20to%20close%20all%20window%20except%20current%20window%5D%5D%3E%3C/help%3E%0A%20%20%3Cattributes/%3E%0A%3C/custombutton%3E" rel="nofollow" title="List all windows">
        <![CDATA[Install this button]]>
        </html:a>
      </html:div>
      <html:a href="https://addons.mozilla.org/addon/custom-buttons/?src=custom-buttons-xml">
        <![CDATA[What's this?]]>
      </html:a>
      <html:div id="credits">
        <html:a href="http://custombuttons.sourceforge.net/forum/viewtopic.php?t=78#p197">
          <![CDATA[Custom Buttons XML]]><html:br/><![CDATA[Exporter/Importer]]>
        </html:a>
      </html:div>
    </html:div>
  </html:body>

  <name>List all windows</name>
  <image><![CDATA[custombuttons-stdicon-1]]></image>
  <mode>0</mode>
  <initcode><![CDATA[function getWindowEnumerator() {
  return Components.classes["@mozilla.org/embedcomp/window-watcher;1"]
                   .getService(Components.interfaces.nsIWindowWatcher)
                   .getWindowEnumerator();
}

this.clearList = function clearList(aEvent) {
  while (aEvent.target.lastChild) {
    aEvent.target.removeChild(aEvent.target.lastChild);
  }
}

this.populate = function populate(aNode, aIndex, aKey, aLabel, aTooltip) {
  var menuitem = <menuitem xmlns={xulns} class="menuitem-iconic"
                           label={aKey + " " + aLabel}
                           accesskey={aKey} tooltiptext={aTooltip}
                           value={aIndex}/>;
  aNode.appendChild(cbu.makeXML(menuitem));
}

this.popupShowing = function popupShowing(aEvent) {
  this.clearList(aEvent);
  var index = 1;
  var enumerator = getWindowEnumerator();
  while (enumerator.hasMoreElements()) {
    var win = enumerator.getNext();
    this.populate(aEvent.target, index, index++,
                  win.document.title, win.location);
    if (win == window) aEvent.target.lastChild.setAttribute("disabled", true);
  }
}

this.selectWindow = function selectWindow(aEvent) {
  var index = 1;
  var enumerator = getWindowEnumerator();
  while (enumerator.hasMoreElements()) {
    var win = enumerator.getNext();
    if (index++ == aEvent.target.value) {
      win.focus();
      return;
    }
  }
}

this.closeWindow = function closeWindow(aEvent) {
  if (aEvent.button == 1) {
    var index = 1;
    var winIndex = parseInt(aEvent.target.value);
    var enumerator = getWindowEnumerator();
    while (enumerator.hasMoreElements()) {
      var win = enumerator.getNext();
      if (index++ == winIndex) win.close();
    }
    closeMenus(aEvent.target);
  }
}

var menu = <menupopup xmlns={xulns} context="toolbar-context-menu"
                      oncommand="this.parentNode.selectWindow(event)"
                      onclick="this.parentNode.closeWindow(event)"
                      onpopupshowing="this.parentNode.popupShowing(event)">
           </menupopup>;

this.appendChild(cbu.makeXML(menu));
this.type = "menu-button";

]]></initcode>
  <code><![CDATA[var index = 1;
var enumerator = Components.classes["@mozilla.org/embedcomp/window-watcher;1"]
                           .getService(Components.interfaces.nsIWindowWatcher)
                           .getWindowEnumerator();
while (enumerator.hasMoreElements()) {
  var win = enumerator.getNext();
  if (win != window) {
    win.close();
  }
  index++;
}]]></code>
  <accelkey><![CDATA[]]></accelkey>
  <help><![CDATA[Left-click on menuitem to focus the window

Middle-click on menuitem to close the window

Left-click on the button to close all window except current window]]></help>
  <attributes/>
</custombutton>