<?xml version="1.0" encoding="UTF-8"?>
<custombutton xmlns:cb="http://xsms.nm.ru/custombuttons/"
              xmlns:html="http://www.w3.org/1999/xhtml">
  <html:head>
    <html:title><![CDATA[Locale Switcher]]></html:title>
    <html:link rel="shortcut icon" href="chrome://mozapps/skin/extensions/category-languages.png"/>
    <html:style type="text/css"><![CDATA[
body { font-size: medium; margin: 0; }
body, code:before, help:before, initcode:before {
  font-family: "Verdana", sans-serif;
}
#wrapper { position: fixed; top: 1em; right: 1em; text-align: center; }
p { font-size: small; text-align: center; }
#button {
  background-color: rgb(85, 168, 2);
  background-image: linear-gradient(to bottom, rgb(147, 200, 94), rgb(85, 168, 2));
  background-image: -moz-linear-gradient(top, rgb(147, 200, 94), rgb(85, 168, 2));
  background-image: -o-linear-gradient(top, rgb(147, 200, 94), rgb(85, 168, 2));
  background-image: -webkit-linear-gradient(top, rgb(147, 200, 94), rgb(85, 168, 2));
  border: 1px solid rgb(58, 116, 4);
  border-radius: .5em;
  -moz-border-radius: .5em;
  -webkit-border-radius: .5em;
  padding: 0;
  margin-bottom: 1em;
  box-shadow: 1px 2px 3px rgba(0, 0, 0, .25);
  -moz-box-shadow: 1px 2px 3px rgba(0, 0, 0, .25);
  -o-box-shadow: 1px 2px 3px rgba(0, 0, 0, .25);
  -webkit-box-shadow: 1px 2px 3px rgba(0, 0, 0, .25);
}
#button a {
  color: #000;
  text-shadow: -1pt -1px 0pt rgba(255, 255, 255, .5);
  padding: 1em;
  text-decoration: none;
}
:-moz-any-link:focus {
  color: white;
  outline-color: transparent;
  text-decoration: none;
}
#button a, code, code:before, initcode, initcode:before, help, help:before {
  display: block;
}
#credits { position: fixed; bottom: 1em; right: 1em; font-size: small; }
custombutton { background-color: rgb(171, 171, 171); margin: 1em; }
date, image, mode, accelkey { display: none; }
name { font-weight: bold; font-size: x-large; }
code:before, help:before, initcode:before {
  font-weight: bold;
  font-size: large;
  margin: 0 0 1em;
  padding: .5em;
}
code:before { content: "CODE"; }
help:before { content: "Help"; }
initcode:before { content: "Initialization Code"; }
code, initcode, help {
  background-color: rgb(255, 255, 255);
  border: 1px inset rgb(170, 170, 170);
  font: medium monospace;
  margin: 1em 1em 2em 0;
  padding: 1em;
  text-align: left;
  width: 840px;
  white-space: pre-wrap;
  word-wrap: break-word;
}
.clear { clear: both; }
]]></html:style>
  </html:head>
  <html:body>
    <html:div id="wrapper">
      <html:div id="button">
        <html:a href="custombutton://%3C%3Fxml%20version%3D%221.0%22%20encoding%3D%22UTF-8%22%3F%3E%0D%0A%3Ccustombutton%20xmlns%3Acb%3D%22http%3A//xsms.nm.ru/custombuttons/%22%3E%0A%20%20%3Cname%3ELocale%20Switcher%3C/name%3E%0A%20%20%3Cimage%3E%3C%21%5BCDATA%5Bchrome%3A//mozapps/skin/extensions/category-languages.png%5D%5D%3E%3C/image%3E%0A%20%20%3Cmode%3E0%3C/mode%3E%0A%20%20%3Cinitcode%3E%3C%21%5BCDATA%5Bvar%20prefname%20%3D%20%22general.useragent.locale%22%3B%0Avar%20defLang%20%3D%20cbu.ps.getDefaultBranch%28prefname%29.getCharPref%28%22%22%29%3B%0A%0Afunction%20getLocale%28%29%20%7B%0A%20%20return%20cbu.ps.getCharPref%28prefname%29%3B%0A%7D%0A%0Afunction%20setLocale%28aLangID%2C%20aName%29%20%7B%0A%20%20cbu.ps.setCharPref%28prefname%2C%20aLangID%29%3B%0A%20%20self.tooltipText%20%3D%20self.name%20+%20%22%5Cn%22%20+%20aName%3B%0A%20%20if%20%28aLangID%20%3D%3D%3D%20defLang%29%0A%20%20%20%20self.style.filter%20%3D%20%22url%28%27chrome%3A//mozapps/skin/extensions/extensions.svg%23greyscale%27%29%22%3B%0A%20%20else%0A%20%20%20%20self.style.filter%20%3D%20%22%22%3B%0A%20%20//LOG%28getLocale%28%29%29%0A%7D%0A%0Afunction%20customLocale%28%29%20%7B%0A%20%20var%20langID%20%3D%20getLocale%28%29%3B%0A%20%20var%20custom%20%3D%20custombuttons.promptBox%28%22Custom%20Language%22%2C%20%22Enter%20language%20ID%22%2C%20langID%2C%20null%29%3B%0A%20%20//LOG%28custom%29%3B%0A%20%20if%20%28custom%5B1%5D%29%0A%20%20%20%20setLocale%28custom%5B1%5D%2C%20%22custom%20%28%22%20+%20custom%5B1%5D%20+%20%22%29%22%29%3B%0A%7D%0A%0Afunction%20commandHandler%28aEvent%29%20%7B%0A%20%20var%20target%20%3D%20aEvent.target%3B%0A%20%20if%20%28target.value%29%0A%20%20%20%20setLocale%28target.value%2C%20target.label%29%3B%0A%20%20else%20%7B%0A%20%20%20%20customLocale%28%29%3B%0A%20%20%7D%0A%7D%0A%0Afunction%20onclick%28aEvent%29%20%7B%0A%20%20if%20%28aEvent.button%20%3D%3D%3D%201%29%0A%20%20%20%20setLocale%28defLang%2C%20%22Default%20%28%22%20+%20defLang%20+%20%22%29%22%29%3B%0A%7D%0A%0Afunction%20addMenuItem%28aLabel%2C%20aValue%29%20%7B%0A%20%20var%20mi%20%3D%20document.createElement%28%22menuitem%22%29%3B%0A%20%20mi.setAttribute%28%22label%22%2C%20aLabel%29%3B%0A%20%20mi.setAttribute%28%22type%22%2C%20%22radio%22%29%3B%0A%20%20if%20%28aValue%29%20%7B%0A%20%20%20%20mi.setAttribute%28%22value%22%2C%20aValue%29%3B%0A%20%20%20%20if%20%28aValue%20%3D%3D%3D%20getLocale%28%29%29%0A%20%20%20%20%20%20mi.setAttribute%28%22checked%22%2C%20%22true%22%29%3B%0A%20%20%7D%0A%20%20return%20mi%3B%0A%7D%0A%0Afunction%20addMenuSeparator%28aId%29%20%7B%0A%20%20var%20separator%20%3D%20document.createElement%28%22menuseparator%22%29%3B%0A%20%20separator.id%20%3D%20aId%3B%0A%20%20return%20separator%3B%0A%7D%0A%0Afunction%20sort%28aArray%2C%20aStrProp%29%20%7B%0A%20%20aArray.sort%28function%28a%2C%20b%29%20%7B%0A%20%20%20%20a%20%3D%20a%5BaStrProp%5D.toLowerCase%28%29%3B%0A%20%20%20%20b%20%3D%20b%5BaStrProp%5D.toLowerCase%28%29%3B%0A%20%20%20%20if%20%28a%20%3C%20b%29%20return%20-1%3B%0A%20%20%20%20if%20%28a%20%3E%20b%29%20return%201%3B%0A%20%20%20%20return%200%3B%0A%20%20%7D%29%0A%7D%0A%0Afunction%20populate%28aPopup%29%20%7B%0A%20%20while%20%28aPopup.lastChild%29%0A%20%20%20%20aPopup.removeChild%28aPopup.lastChild%29%3B%0A%0A%20%20aPopup.appendChild%28addMenuItem%28%22Default%20%28%22%20+%20defLang%20+%20%22%29%22%2C%20defLang%29%29%3B%0A%20%20aPopup.appendChild%28addMenuItem%28%22Custom%20Language%22%29%29%3B%0A%20%20aPopup.appendChild%28addMenuSeparator%28self.id%20+%20%22-separator-1%22%29%29%3B%0A%0A%20%20AddonManager.getAddonsByTypes%28%5B%22locale%22%5D%2C%20function%28langpacks%29%20%7B%0A%20%20%20%20if%20%28langpacks.length%29%20%7B%0A%20%20%20%20%20%20var%20locales%20%3D%20%5B%5D%3B%0A%20%20%20%20%20%20for%20%28var%20i%20%3D%200%3B%20i%20%3C%20langpacks.length%3B%20i++%29%20%7B%0A%20%20%20%20%20%20%20%20let%20locale%20%3D%20%7B%7D%3B%0A%20%20%20%20%20%20%20%20let%20langpack%20%3D%20langpacks%5Bi%5D%3B%0A%20%20%20%20%20%20%20%20if%20%28langpack.isActive%29%20%7B%0A%20%20%20%20%20%20%20%20%20%20locale.id%20%3D%20langpack.id.match%28/.*%28%3F%3D@%29/%29.toString%28%29.replace%28/%5Elangpack%5C-/%2C%20%22%22%29%3B%0A%20%20%20%20%20%20%20%20%20%20locale.name%20%3D%20langpack.name.replace%28/%5Cslanguage%5Cspack/i%2C%20%22%22%29%3B%0A%20%20%20%20%20%20%20%20%20%20locales.push%28locale%29%3B%0A%20%20%20%20%20%20%20%20%7D%0A%20%20%20%20%20%20%7D%0A%20%20%20%20%20%20sort%28locales%2C%20%22name%22%29%3B%0A%20%20%20%20%20%20for%20%28var%20o%20in%20locales%29%0A%20%20%20%20%20%20%20%20aPopup.appendChild%28addMenuItem%28locales%5Bo%5D.name%2C%20locales%5Bo%5D.id%29%29%3B%0A%0A%20%20%20%20%20%20if%20%28aPopup.childNodes.length%20%3D%3D%3D%203%29%0A%20%20%20%20%20%20%20%20aPopup.childNodes%5B2%5D.style.visibility%20%3D%20%22collapse%22%3B%0A%20%20%20%20%20%20else%0A%20%20%20%20%20%20%20%20aPopup.childNodes%5B2%5D.style.visibility%20%3D%20%22%22%3B%0A%20%20%20%20%7D%0A%20%20%7D%29%0A%7D%0A%0Athis.type%20%3D%20%22menu%22%3B%0Avar%20popup%20%3D%20this.appendChild%28document.createElement%28%22menupopup%22%29%29%3B%0Apopup.id%20%3D%20this.id%20+%20%22-menupopup%22%3B%0Apopup.commandHandler%20%3D%20commandHandler.bind%28%29%3B%0Apopup.populate%20%3D%20populate.bind%28%29%3B%0Apopup.setAttribute%28%22oncommand%22%2C%20%22commandHandler%28event%29%3B%22%29%3B%0Apopup.setAttribute%28%22onpopupshowing%22%2C%20%22populate%28this%29%3B%22%29%3B%0A//populate%28popup%29%3B%0Athis.tooltipText%20+%3D%20%22%5Cn%22%20+%20getLocale%28%29%3B%0A%0Aif%20%28getLocale%28%29%20%3D%3D%3D%20defLang%29%0A%20%20this.style.filter%20%3D%20%22url%28%27chrome%3A//mozapps/skin/extensions/extensions.svg%23greyscale%27%29%22%3B%0A%0Athis.onclick%20%3D%20onclick.bind%28%29%3B%0A%0AsetTimeout%28function%28%29%20%7B%0A%20%20document.getAnonymousElementByAttribute%28self%2C%20%22class%22%2C%20%22toolbarbutton-icon%22%29%0A%20%20%20%20%20%20%20%20%20%20.style.width%20%3D%20%2218px%22%3B%0A%7D%2C%2025%29%0A%5D%5D%3E%3C/initcode%3E%0A%20%20%3Ccode%3E%3C%21%5BCDATA%5B%5D%5D%3E%3C/code%3E%0A%20%20%3Caccelkey%3E%3C%21%5BCDATA%5B%5D%5D%3E%3C/accelkey%3E%0A%20%20%3Chelp%3E%3C%21%5BCDATA%5B%5D%5D%3E%3C/help%3E%0A%20%20%3Cattributes/%3E%0A%3C/custombutton%3E" rel="nofollow" title="Install Locale Switcher">
        <![CDATA[Install this button]]>
        </html:a>
      </html:div>
      <html:a href="https://addons.mozilla.org/addon/custom-buttons/?src=external-custombuttons-xml">
        <![CDATA[What's this?]]>
      </html:a>
      <html:div id="credits">
        <html:a href="http://custombuttons.sourceforge.net/forum/viewtopic.php?t=78#p197">
          <![CDATA[Custom Buttons XML]]><html:br/><![CDATA[Exporter/Importer]]>
        </html:a>
      </html:div>
    </html:div>
  </html:body>
  <name>Locale Switcher</name>
  <image><![CDATA[chrome://mozapps/skin/extensions/category-languages.png]]></image>
  <mode>0</mode>
  <initcode><![CDATA[var prefname = "general.useragent.locale";
var defLang = cbu.ps.getDefaultBranch(prefname).getCharPref("");

function getLocale() {
  return cbu.ps.getCharPref(prefname);
}

function setLocale(aLangID, aName) {
  cbu.ps.setCharPref(prefname, aLangID);
  self.tooltipText = self.name + "\n" + aName;
  if (aLangID === defLang)
    self.style.filter = "url('chrome://mozapps/skin/extensions/extensions.svg#greyscale')";
  else
    self.style.filter = "";
  //LOG(getLocale())
}

function customLocale() {
  var langID = getLocale();
  var custom = custombuttons.promptBox("Custom Language", "Enter language ID", langID, null);
  //LOG(custom);
  if (custom[1])
    setLocale(custom[1], "custom (" + custom[1] + ")");
}

function commandHandler(aEvent) {
  var target = aEvent.target;
  if (target.value)
    setLocale(target.value, target.label);
  else {
    customLocale();
  }
}

function onclick(aEvent) {
  if (aEvent.button === 1)
    setLocale(defLang, "Default (" + defLang + ")");
}

function addMenuItem(aLabel, aValue) {
  var mi = document.createElement("menuitem");
  mi.setAttribute("label", aLabel);
  mi.setAttribute("type", "radio");
  if (aValue) {
    mi.setAttribute("value", aValue);
    if (aValue === getLocale())
      mi.setAttribute("checked", "true");
  }
  return mi;
}

function addMenuSeparator(aId) {
  var separator = document.createElement("menuseparator");
  separator.id = aId;
  return separator;
}

function sort(aArray, aStrProp) {
  aArray.sort(function(a, b) {
    a = a[aStrProp].toLowerCase();
    b = b[aStrProp].toLowerCase();
    if (a < b) return -1;
    if (a > b) return 1;
    return 0;
  })
}

function populate(aPopup) {
  while (aPopup.lastChild)
    aPopup.removeChild(aPopup.lastChild);

  aPopup.appendChild(addMenuItem("Default (" + defLang + ")", defLang));
  aPopup.appendChild(addMenuItem("Custom Language"));
  aPopup.appendChild(addMenuSeparator(self.id + "-separator-1"));

  AddonManager.getAddonsByTypes(["locale"], function(langpacks) {
    if (langpacks.length) {
      var locales = [];
      for (var i = 0; i < langpacks.length; i++) {
        let locale = {};
        let langpack = langpacks[i];
        if (langpack.isActive) {
          locale.id = langpack.id.match(/.*(?=@)/).toString().replace(/^langpack\-/, "");
          locale.name = langpack.name.replace(/\slanguage\spack/i, "");
          locales.push(locale);
        }
      }
      sort(locales, "name");
      for (var o in locales)
        aPopup.appendChild(addMenuItem(locales[o].name, locales[o].id));

      if (aPopup.childNodes.length === 3)
        aPopup.childNodes[2].style.visibility = "collapse";
      else
        aPopup.childNodes[2].style.visibility = "";
    }
  })
}

this.type = "menu";
var popup = this.appendChild(document.createElement("menupopup"));
popup.id = this.id + "-menupopup";
popup.commandHandler = commandHandler.bind();
popup.populate = populate.bind();
popup.setAttribute("oncommand", "commandHandler(event);");
popup.setAttribute("onpopupshowing", "populate(this);");
//populate(popup);
this.tooltipText += "\n" + getLocale();

if (getLocale() === defLang)
  this.style.filter = "url('chrome://mozapps/skin/extensions/extensions.svg#greyscale')";

this.onclick = onclick.bind();

setTimeout(function() {
  document.getAnonymousElementByAttribute(self, "class", "toolbarbutton-icon")
          .style.width = "18px";
}, 25)
]]></initcode>
  <code><![CDATA[]]></code>
  <accelkey><![CDATA[]]></accelkey>
  <help><![CDATA[]]></help>
  <attributes/>
</custombutton>