<?xml version="1.0" encoding="UTF-8"?>
<custombutton xmlns:cb="http://xsms.nm.ru/custombuttons/"
              xmlns:html="http://www.w3.org/1999/xhtml">
  <html:head>
    <html:title><![CDATA[Toggle Private Browsing (old school)]]></html:title>
    <html:link rel="shortcut icon" href="chrome://browser/skin/Privacy-16.png"/>
    <html:style type="text/css"><![CDATA[
body { font-size: medium; margin: 0; }
body, code:before, help:before, initcode:before {
  font-family: "Verdana", sans-serif;
}
#wrapper { position: fixed; top: 1em; right: 1em; text-align: center; }
p { font-size: small; text-align: center; }
#button {
  background-color: rgb(85, 168, 2);
  background-image: linear-gradient(to bottom, rgb(147, 200, 94), rgb(85, 168, 2));
  background-image: -moz-linear-gradient(top, rgb(147, 200, 94), rgb(85, 168, 2));
  background-image: -o-linear-gradient(top, rgb(147, 200, 94), rgb(85, 168, 2));
  background-image: -webkit-linear-gradient(top, rgb(147, 200, 94), rgb(85, 168, 2));
  border: 1px solid rgb(58, 116, 4);
  border-radius: .5em;
  -moz-border-radius: .5em;
  -webkit-border-radius: .5em;
  padding: 0;
  margin-bottom: 1em;
  box-shadow: 1px 2px 3px rgba(0, 0, 0, .25);
  -moz-box-shadow: 1px 2px 3px rgba(0, 0, 0, .25);
  -o-box-shadow: 1px 2px 3px rgba(0, 0, 0, .25);
  -webkit-box-shadow: 1px 2px 3px rgba(0, 0, 0, .25);
}
#button a {
  color: #000;
  text-shadow: -1pt -1px 0pt rgba(255, 255, 255, .5);
  padding: 1em;
  text-decoration: none;
}
:-moz-any-link:focus {
  color: white;
  outline-color: transparent;
  text-decoration: none;
}
#button a, code, code:before, initcode, initcode:before, help, help:before {
  display: block;
}
#credits { position: fixed; bottom: 1em; right: 1em; font-size: small; }
custombutton { background-color: rgb(171, 171, 171); margin: 1em; }
date, image, mode, accelkey { display: none; }
name { font-weight: bold; font-size: x-large; }
code:before, help:before, initcode:before {
  font-weight: bold;
  font-size: large;
  margin: 0 0 1em;
  padding: .5em;
}
code:before { content: "CODE"; }
help:before { content: "Help"; }
initcode:before { content: "Initialization Code"; }
code, initcode, help {
  background-color: rgb(255, 255, 255);
  border: 1px inset rgb(170, 170, 170);
  font: medium monospace;
  margin: 1em 1em 2em 0;
  padding: 1em;
  text-align: left;
  width: 840px;
  white-space: pre-wrap;
  word-wrap: break-word;
}
.clear { clear: both; }
]]></html:style>
  </html:head>
  <html:body>
    <html:div id="wrapper">
      <html:div id="button">
        <html:a href="custombutton://%3C%3Fxml%20version%3D%221.0%22%20encoding%3D%22UTF-8%22%3F%3E%0D%0A%3Ccustombutton%20xmlns%3Acb%3D%22http%3A//xsms.nm.ru/custombuttons/%22%3E%0A%20%20%3Cname%3EToggle%20Private%20Browsing%20%28old%20school%29%3C/name%3E%0A%20%20%3Cimage%3E%3C%21%5BCDATA%5Bchrome%3A//browser/skin/Privacy-16.png%5D%5D%3E%3C/image%3E%0A%20%20%3Cmode%3E0%3C/mode%3E%0A%20%20%3Cinitcode%3E%3C%21%5BCDATA%5Bvar%20isWindowPrivate%20%3D%20PrivateBrowsingUtils.isWindowPrivate%28window%29%3B%0A%0Aif%20%28isWindowPrivate%29%20%7B%0A%20%20%5B%22appmenu_recentlyClosedWindowsMenu%22%2C%20%22historyUndoWindowMenu%22%5D.%0A%20%20forEach%28function%28id%29%20%7B%0A%20%20%20%20let%20menu%20%3D%20document.getElementById%28id%29%3B%0A%20%20%20%20if%20%28menu%29%20%7B%0A%20%20%20%20%20%20let%20parent%20%3D%20menu.parentNode%3B%0A%20%20%20%20%20%20parent.addEventListener%28%22popupshowing%22%2C%20disabledUndoWindow%2C%20false%29%3B%0A%20%20%20%20%20%20parent.removeEventListener%28%22popuphiding%22%2C%20disabledUndoWindow%2C%20false%29%3B%0A%20%20%20%20%7D%0A%20%20%7D%29%0A%7D%0A%0Athis.onmouseenter%20%3D%20function%28e%29%20%7B%0A%20%20e.target.tooltipText%20%3D%20%28isWindowPrivate%20%3F%20%22Stop%22%20%3A%20%22Start%22%29%0A%20%20%20%20%20%20%20%20%20%20%20%20%20%20%20%20%20%20%20%20%20%20%20+%20%22%20Private%20Browsing%22%3B%0A%7D%0A%0Afunction%20disabledUndoWindow%28e%29%20%7B%0A%20%20var%20menu%20%3D%20e.target.querySelector%28%22menu.recentlyClosedWindowsMenu%22%29%3B%0A%20%20if%20%28menu%29%20menu.disabled%20%3D%20isWindowPrivate%3B%0A%7D%5D%5D%3E%3C/initcode%3E%0A%20%20%3Ccode%3E%3C%21%5BCDATA%5Bif%20%28PrivateBrowsingUtils.isWindowPrivate%28window%29%29%20%7B%0A%20%20undoCloseWindow%28%29%3B%0A%7D%20else%20%7B%0A%20%20var%20enter%20%3D%20custombuttons.confirmBox%28%22Start%20Private%20Browsing%22%2C%0A%20%20%20%20%20%20%20%20%20%20%20%20%20%20%20%20%20%20%20%20%20%20%20%20%20%20%20%20%22Would%20you%20like%20to%20start%20Private%20Browsing%3F%5Cn%5Cn%22%20+%0A%20%20%20%20%20%20%20%20%20%20%20%20%20%20%20%20%20%20%20%20%20%20%20%20%20%20%20%20%22Firefox%20will%20save%20your%20current%20tabs%20for%20when%20%22%20+%0A%20%20%20%20%20%20%20%20%20%20%20%20%20%20%20%20%20%20%20%20%20%20%20%20%20%20%20%20%22you%20are%20done%20with%20your%20Private%20Browsing%20session.%22%2C%0A%20%20%20%20%20%20%20%20%20%20%20%20%20%20%20%20%20%20%20%20%20%20%20%20%20%20%20%20%22Start%20Private%20Browsing%22%2C%20%22Cancel%22%29%3B%0A%20%20if%20%28%21enter%29%20return%3B%0A%20%20var%20cmd%20%3D%20document.getElementById%28%22OpenPrivateWindow%3Aswitchto%22%29%3B%0A%20%20cmd.openNewOrSwitchToPrivateWindow%28%29%3B%0A%7D%0ABrowserTryToCloseWindow%28%29%3B%5D%5D%3E%3C/code%3E%0A%20%20%3Caccelkey%3E%3C%21%5BCDATA%5B%5D%5D%3E%3C/accelkey%3E%0A%20%20%3Chelp%3E%3C%21%5BCDATA%5B%5D%5D%3E%3C/help%3E%0A%20%20%3Cattributes/%3E%0A%3C/custombutton%3E" rel="nofollow" title="Install Toggle Private Browsing (old school)">
        <![CDATA[Install this button]]>
        </html:a>
      </html:div>
      <html:a href="https://addons.mozilla.org/addon/custom-buttons/?src=external-custombuttons-xml">
        <![CDATA[What's this?]]>
      </html:a>
      <html:div id="credits">
        <html:a href="http://custombuttons.sourceforge.net/forum/viewtopic.php?t=78#p197">
          <![CDATA[Custom Buttons XML]]><html:br/><![CDATA[Exporter/Importer]]>
        </html:a>
      </html:div>
    </html:div>
  </html:body>
  <name>Toggle Private Browsing (old school)</name>
  <image><![CDATA[chrome://browser/skin/Privacy-16.png]]></image>
  <mode>0</mode>
  <initcode><![CDATA[var isWindowPrivate = PrivateBrowsingUtils.isWindowPrivate(window);

if (isWindowPrivate) {
  ["appmenu_recentlyClosedWindowsMenu", "historyUndoWindowMenu"].
  forEach(function(id) {
    let menu = document.getElementById(id);
    if (menu) {
      let parent = menu.parentNode;
      parent.addEventListener("popupshowing", disabledUndoWindow, false);
      parent.removeEventListener("popuphiding", disabledUndoWindow, false);
    }
  })
}

this.onmouseenter = function(e) {
  e.target.tooltipText = (isWindowPrivate ? "Stop" : "Start")
                       + " Private Browsing";
}

function disabledUndoWindow(e) {
  var menu = e.target.querySelector("menu.recentlyClosedWindowsMenu");
  if (menu) menu.disabled = isWindowPrivate;
}]]></initcode>
  <code><![CDATA[if (PrivateBrowsingUtils.isWindowPrivate(window)) {
  undoCloseWindow();
} else {
  var enter = custombuttons.confirmBox("Start Private Browsing",
                            "Would you like to start Private Browsing?\n\n" +
                            "Firefox will save your current tabs for when " +
                            "you are done with your Private Browsing session.",
                            "Start Private Browsing", "Cancel");
  if (!enter) return;
  var cmd = document.getElementById("OpenPrivateWindow:switchto");
  cmd.openNewOrSwitchToPrivateWindow();
}
BrowserTryToCloseWindow();]]></code>
  <accelkey><![CDATA[]]></accelkey>
  <help><![CDATA[]]></help>
  <attributes/>
</custombutton>